Test Company,Ideal Company,Non-Ideal Company,Difference
1800flowers.com,0.1329936619558265,0.33667625267404727,-0.20368259071822079
interes,0.0,0.0,0.0
24hourfitness.com,0.1540679708689984,0.440177452685693,-0.2861094818166946
24seventalent.com,0.15399861634109904,0.3179171322972679,-0.16391851595616888
2degreesmobile.co.nz,0.1219920085941648,0.28646078071813497,-0.16446877212397015
2sfg.com,0.16889674935347915,0.19073586921738606,-0.02183911986390691
ntments,0.0,0.0,0.0
2u.com,0.3072266088149468,0.20187688668417622,0.10534972213077057
3ds.com,0.2220967292644263,0.2530381047454942,-0.0309413754810679
3dsystems.com,0.11819000304652807,0.09995153850330178,0.018238464543226293
s explo,0.0,0.0,0.0
7-eleven.com,0.08023172170140208,0.3171586664917511,-0.23692694479034904
a2dominion.co.uk,0.13417016640983048,0.2618930063165989,-0.12772283990676842
a2ktechnologies.com.au,0.2615484053590426,0.23587243667708388,0.025675968681958733
a9.com,0.15310621101505095,0.10826891799415948,0.04483729302089147
aaa.com,0.1092357281314222,0.30028707875500726,-0.19105135062358508
aaacooper.com,0.09822125080247576,0.0814007220893888,0.016820528713086966
aaalife.com,0.07470565115068067,0.0990909918160883,-0.024385340665407623
ning to,0.0,0.0,0.0
aapt.com.au,0.2624993805895355,0.15198605985346153,0.11051332073607395
aarp.org,0.16819622019793548,0.23406814620300673,-0.06587192600507125
ng foun,0.0,0.0,0.0
ABB.com,0.04311771140870187,0.0,0.04311771140870187
abbott.com,0.22193720749409587,0.2562463910761104,-0.03430918358201454
ott ide,0.0,0.0,0.0
abbvie.com,0.19823141496374846,0.2238224520317483,-0.02559103706799984
abc.net.au,0.15586724712317865,0.33873111600241773,-0.18286386887923908
l vic l,0.0,0.0,0.0
abcam.com,0.15010095101426826,0.1464617624403258,0.0036391885739424645
abdn.ac.uk,0.1941226195370974,0.2752378896986016,-0.08111527016150419
aber.ac.uk,0.1381314851820336,0.20327550063577143,-0.06514401545373782
gol pry,0.0,0.0,0.0
abercrombiekent.com,0.19301347903135382,0.13439648406738616,0.05861699496396766
aberdeen-asset.com,0.10506623024195065,0.1544933964144996,-0.049427166172548956
aberdeencity.gov.uk,0.13743409794152586,0.2391489869631359,-0.10171488902161005
aberdeenshire.gov.uk,0.17866052196675444,0.28518384440724737,-0.10652332244049292
abm.com,0.21543579292658158,0.10368414113860744,0.11175165178797414
about.twitter.com,0.14455098382853157,0.09064694593714524,0.05390403789138633
rtugu b,0.0,0.0,0.0
absolute.com,0.2172082857817767,0.18057311589861103,0.036635169883165675
chnolog,0.0,0.0,0.0
academicpartnerships.com,0.20182106675417164,0.17661499033562258,0.02520607641854905
academy.com,0.021167855961540867,0.324460164161688,-0.30329230820014713
academymortgage.com,0.09002922052427768,0.33465194110609503,-0.24462272058181733
acadiahealthcare.com,0.13929862336104915,0.10849574286042163,0.030802880500627516
accaglobal.com,0.17668852536851753,0.291174545369959,-0.11448602000144148
e stude,0.0,0.0,0.0
accela.com,0.14468912397344225,0.13910933226162286,0.005579791711819382
accenture.com,0.24578086188659154,0.26816360381852256,-0.022382741931931016
policy ,0.0,0.0,0.0
accessdata.com,0.15576181061738908,0.15049618362080322,0.005265626996585865
accessintel.com,0.21991958837496106,0.21242400306403894,0.0074955853109221204
accolade-wines.com,0.1576096626288697,0.1547675322256489,0.0028421304032207884
accountingprincipals.com,0.2106806423972099,0.1882989079188988,0.0223817344783111
der sur,0.0,0.0,0.0
accruent.com,0.20092610887069748,0.15094334769712922,0.04998276117356826
 club c,0.0,0.0,0.0
Achieve3000.com,0.20902087635340813,0.20477758502608365,0.004243291327324483
gather ,0.0,0.0,0.0
achilles.com,0.21411316895646543,0.248210560683425,-0.03409739172695958
acn.cat,0.027102113761571345,0.0,0.027102113761571345
aconex.com,0.2508297473049954,0.21512751280550252,0.03570223449949289
 provid,0.0,0.0,0.0
acosta.com,0.2890896882896183,0.2533365835661293,0.03575310472348897
career ,0.0,0.0,0.0
acquia.com,0.16206948144505698,0.26656606173815645,-0.10449658029309947
and sec,0.0,0.0,0.0
acronis.com,0.12215044241806117,0.19757769240572184,-0.07542724998766068
act.gov.au,0.1926144516278124,0.16825553699962187,0.024358914628190537
actian.com,0.19382708223755143,0.1819040373260419,0.011923044911509528
actionforchildren.org.uk,0.14883815236810505,0.2365064560038722,-0.08766830363576716
ings ch,0.0,0.0,0.0
actiononhearingloss.org.uk,0.23364694410901984,0.24934208766063193,-0.015695143551612084
lexi gr,0.0,0.0,0.0
ACTIVEnetwork.com,0.10374670426189958,0.19619157871182302,-0.09244487444992344
activision.com,0.12325768271489394,0.23304646420510453,-0.10978878149021058
 years ,0.0,0.0,0.0
Act-On.com,0.21544814635021425,0.26487159239254526,-0.04942344604233101
actuant.com,0.285989579354701,0.16545412822237052,0.12053545113233047
acu.edu.au,0.15467671240548492,0.188442443899908,-0.03376573149442308
u stude,0.0,0.0,0.0
acxiom.com,0.19080603168671853,0.24615057996341927,-0.05534454827670074
adamsmithinternational.com,0.11555110674028461,0.10383376843427632,0.011717338306008296
adapt.com,0.1867172771803301,0.11264605169191948,0.07407122548841062
adbri.com.au,0.21667204223151462,0.12807320272502484,0.08859883950648978
addisongroup.com,0.13549652888923241,0.1749893200618074,-0.03949279117257498
adelaide.edu.au,0.20121592892775444,0.18296395864819323,0.018251970279561214
adelaidefestivalcentre.com.au,0.15198142216356594,0.15524471109676746,-0.003263288933201519
 armstr,0.0,0.0,0.0
aderant.com,0.2738397893327784,0.20022136267405286,0.07361842665872556
adknowledge.com,0.0,0.02517309944340066,-0.02517309944340066
adm.com,0.19217583689008413,0.13176198950253423,0.0604138473875499
admiraltaverns.co.uk,0.2861085733302203,0.22406941630546298,0.06203915702475729
adobe.com,0.23915787802721614,0.19270139079362558,0.046456487233590554
solutio,0.0,0.0,0.0
adroll.com,0.2477636122723101,0.19425885998739428,0.05350475228491583
ms time,0.0,0.0,0.0
adstream.com,0.16708711956631003,0.17858928216490008,-0.011502162598590049
adtran.com,0.1396856465955522,0.129549081033372,0.010136565562180178
AdvancedSolutions.com,0.2349245540389307,0.17882741704948918,0.05609713698944152
advancepierre.com,0.08412103357754389,0.15283739070666488,-0.068716357129121
advantedge.com.au,0.0624520698165797,0.0819284940149244,-0.0194764241983447
advent.com,0.23950288957678859,0.19380751710897953,0.04569537246780905
mand in,0.0,0.0,0.0
advisory.com,0.16740594808335885,0.12629352039757707,0.04111242768578177
urgery ,0.0,0.0,0.0
advocare.com,0.25077937381965515,0.37002418561156003,-0.11924481179190488
nent re,0.0,0.0,0.0
ae.com,0.11297528336684705,0.2545732656306948,-0.1415979822638478
aegisworld.com,0.16548865053299178,0.062182988521654575,0.1033056620113372
aegon.co.uk,0.20590763430184358,0.18598085297437508,0.0199267813274685
 warc r,0.0,0.0,0.0
aegworldwide.com,0.2146266003125269,0.29047943906173873,-0.07585283874921184
k venue,0.0,0.0,0.0
aenetworks.com,0.18646698234143538,0.330261738398455,-0.14379475605701963
ation l,0.0,0.0,0.0
AEPenergy.com,0.17807065977117004,0.1382564152027353,0.03981424456843474
aeris.com,0.2720663792311973,0.15753512746416826,0.11453125176702905
aeroflex.com,0.2312126617498446,0.18428741356092432,0.04692524818892027
aeropostale.com,0.060073539247224146,0.438228066274104,-0.37815452702687985
aerospace.honeywell.com,0.26349040629800785,0.10207119588219343,0.16141921041581442
aerospace.org,0.1053365529128831,0.13503891689010705,-0.02970236397722395
enginee,0.0,0.0,0.0
aerotek.com,0.28020303949397135,0.21707241808598476,0.06313062140798659
inavero,0.0,0.0,0.0
affymetrix.com,0.17573846587509756,0.09930279904610441,0.07643566682899315
afl.com.au,0.14467909414684305,0.19247357557594433,-0.04779448142910128
ures sl,0.0,0.0,0.0
aflac.com,0.22979262564510466,0.2677670841483445,-0.03797445850323983
cluding,0.0,0.0,0.0
aflvic.com.au,0.0764105230079997,0.07225339579678516,0.004157127211214542
afp.gov.au,0.12237333512161518,0.17364290062848475,-0.05126956550686958
ts form,0.0,0.0,0.0
aftonchemical.com,0.12487353378975198,0.10506935944539374,0.019804174344358244
agbarr.co.uk,0.2540293744858104,0.27222858742521994,-0.018199212939409515
AGCOcorp.com,0.20129715975646498,0.2079608243676871,-0.006663664611222114
nt bett,0.0,0.0,0.0
ageas.co.uk,0.21557173725269985,0.2326159998766916,-0.01704426262399175
ageuk.org.uk,0.20326963463984887,0.17965898738952646,0.023610647250322414
hamshir,0.0,0.0,0.0
aggreko.com,0.21884724112384515,0.19891360548404563,0.019933635639799524
iti stu,0.0,0.0,0.0
agilent.com,0.2947098613821568,0.24743285042279795,0.04727701095935888
lent re,0.0,0.0,0.0
agility.com,0.26464684101516905,0.14874783365534608,0.11589900735982298
agilysys.com,0.24342570718531226,0.17817934780484543,0.06524635938046683
agl.com.au,0.2568739114954522,0.09856630460541116,0.15830760689004103
aglresources.com,0.18795720243646702,0.10265174388496413,0.08530545855150289
d rated,0.0,0.0,0.0
agric.wa.gov.au,0.17330912864449205,0.18546292612358725,-0.012153797479095202
agustawestland.com,0.02826520997879157,0.0,0.02826520997879157
ahgir.com.au,0.06925987384831224,0.10525286044961327,-0.03599298660130103
aia.com,0.19947313719519208,0.22635757131695614,-0.026884434121764056
rships ,0.0,0.0,0.0
aia.com.au,0.23737036871498296,0.19058575949700485,0.04678460921797811
limited,0.0,0.0,0.0
aibms.com,0.292398423043606,0.25419398132106424,0.03820444172254178
aiesec.org,0.0,0.0,0.0
aig.com,0.23844871970666018,0.1983409837260022,0.04010773598065798
 twitte,0.0,0.0,0.0
air.org,0.11802079101174176,0.1077788980297108,0.010241892982030959
airbnb.com,0.0732557124664802,0.1112638373557181,-0.038008124889237896
airforce.com,0.012614423237561036,0.03959559980810683,-0.02698117657054579
airgas.com,0.1440483832614087,0.3151535493964426,-0.17110516613503388
airliquide.com,0.25512527675757707,0.25215358975518926,0.002971687002387813
pbuildi,0.0,0.0,0.0
airnewzealand.com,0.15578363379403273,0.24595573180317215,-0.09017209800913942
airproducts.com,0.2791416257920961,0.22062260733974298,0.05851901845235313
ogy par,0.0,0.0,0.0
airservicesaustralia.com,0.21736690659490493,0.20848495403590106,0.00888195255900387
avigati,0.0,0.0,0.0
aitworldwide.com,0.26250660597750725,0.1737348853297875,0.08877172064771974
ajg.com,0.20004734737134075,0.22161310665925305,-0.021565759287912295
rnative,0.0,0.0,0.0
ajilon.com,0.14192914776261875,0.30576872683458695,-0.1638395790719682
akersolutions.com,0.2712428184645455,0.1247923200877899,0.1464504983767556
akingump.com,0.19209041846077157,0.12063579034748692,0.07145462811328465
on poli,0.0,0.0,0.0
akw-ltd.co.uk,0.18577198421852406,0.3551227111965116,-0.16935072697798756
anding ,0.0,0.0,0.0
akzonobel.com,0.23013968537813648,0.2361682983157966,-0.006028612937660133
renzo s,0.0,0.0,0.0
alabamapower.com,0.23748153496148466,0.20399975351715743,0.03348178144432723
n repor,0.0,0.0,0.0
alarm.com,0.20522916244280065,0.22313211194492794,-0.017902949502127286
alaskaair.jobs,0.1320097341154708,0.12646679099801952,0.0055429431174512656
albertsons.com,0.1401173218767525,0.3534756307743136,-0.2133583088975611
tory on,0.0,0.0,0.0
alcon.com,0.19901408742467117,0.16288207501730442,0.03613201240736674
aldermore.co.uk,0.29420536119820906,0.12164038059908147,0.1725649805991276
mers to,0.0,0.0,0.0
alexandermannsolutions.com,0.23848427890956322,0.21020284486398402,0.0282814340455792
alexion.com,0.21811637492078742,0.13110985082019316,0.08700652410059426
amp joh,0.0,0.0,0.0
alfalaval.com,0.23632562671879906,0.15321087358276475,0.08311475313603431
 system,0.0,0.0,0.0
alfresco.com,0.2776242922889683,0.1476744860710286,0.1299498062179397
aligntech.com,0.20832449968907993,0.10781171773623109,0.10051278195284884
alintaenergy.com.au,0.18268813586682167,0.11769342960416233,0.06499470626265934
log acc,0.0,0.0,0.0
alionscience.com,0.1506831057206259,0.1712855659732562,-0.020602460252630295
alkermes.com,0.18851103945074704,0.16222235129912463,0.026288688151622414
g vivit,0.0,0.0,0.0
allegion.com,0.24445310442037466,0.19888917010051574,0.04556393431985892
allegisgroup.com,0.2254081585233942,0.17747863168744676,0.04792952683594742
rch ser,0.0,0.0,0.0
allens.com.au,0.27606631993954606,0.20727442215714098,0.06879189778240508
provide,0.0,0.0,0.0
alliancehealthcareservices-us.com,0.22943985619919255,0.14731447137357218,0.08212538482562037
y polic,0.0,0.0,0.0
alliant.com,0.16418801740798372,0.14544381125127923,0.018744206156704496
alliantenergy.com,0.15293290932973208,0.09373990533400849,0.059193003995723595
ness en,0.0,0.0,0.0
allianz.co.uk,0.2388403926794244,0.20220157534447536,0.03663881733494903
car ins,0.0,0.0,0.0
allianz.com.au,0.11725547495470649,0.11368264308986027,0.003572831864846221
over op,0.0,0.0,0.0
allianzgi.com,0.13489929351052327,0.23174287592457868,-0.09684358241405541
allianzlife.com,0.08311428044779315,0.11356890545948935,-0.0304546250116962
allscripts.com,0.2444991789898358,0.1770644466422607,0.0674347323475751
th reg ,0.0,0.0,0.0
allsteeloffice.com,0.08932776235801507,0.3236284855568794,-0.23430072319886433
almacgroup.com,0.1437140315203855,0.12132541270283959,0.02238861881754592
alabili,0.0,0.0,0.0
alphagraphics.com,0.13976760625668216,0.1582207242394095,-0.018453117982727335
alstom.com,0.23005184256410813,0.08408745189165816,0.14596439067244998
ics car,0.0,0.0,0.0
altera.com,0.1886856385425349,0.26244257274508787,-0.07375693420255297
center ,0.0,0.0,0.0
altium.com,0.14055944641482412,0.2546015133958093,-0.11404206698098515
ise sur,0.0,0.0,0.0
alvarezandmarsal.com,0.2828824689810343,0.16184690714839353,0.12103556183264078
ama-assn.org,0.0924574495813624,0.1979710749459224,-0.10551362536456
ering c,0.0,0.0,0.0
amazon.com,0.18658012795368376,0.33477538436703,-0.14819525641334627
amctheatres.com,0.11341748824148608,0.2216272928910211,-0.10820980464953502
amd.com,0.09011152287934364,0.11150141849185546,-0.021389895612511825
entes r,0.0,0.0,0.0
amdocs.com,0.18705093579262927,0.1524214896326189,0.034629446160010374
amecfw.com,0.32839507924628963,0.16338617258189475,0.16500890666439488
treetbr,0.0,0.0,0.0
amedisys.com,0.15009604861959067,0.17031717441319064,-0.02022112579359997
ameren.com,0.18627452170939482,0.14788226655428222,0.0383922551551126
ameresco.com,0.12931992772154305,0.058230950829185654,0.0710889768923574
american.edu,0.13889708721942085,0.17310952258009032,-0.03421243536066948
americanbar.org,0.1898628059085606,0.2555986340560325,-0.06573582814747189
americancampus.com,0.24531743636882733,0.26542251206817497,-0.020105075699347635
p portf,0.0,0.0,0.0
american-equity.com,0.140794656926572,0.16452380148162113,-0.023729144555049125
americanexpress.com,0.21073690775915427,0.2872711541487396,-0.07653424638958534
x mobil,0.0,0.0,0.0
americangirl.com,0.09890570438401523,0.3176909507624621,-0.21878524637844687
americangreetings.com,0.1246441888944061,0.2334865281517031,-0.108842339257297
 bows t,0.0,0.0,0.0
ameriprise.com,0.14258031127767395,0.17476059925526632,-0.03218028797759237
amerisourcebergen.com,0.24454984255847806,0.17385632392996136,0.0706935186285167
ameristar.com,0.08092636943544901,0.0,0.08092636943544901
amerisure.com,0.239460836773776,0.22873972992754096,0.010721106846235035
ametek.com,0.29746032182126564,0.1572974102565982,0.14016291156466743
amexglobalbusinesstravel.com,0.368084796630692,0.2108383936293808,0.15724640300131118
 countr,0.0,0.0,0.0
amext.com,0.15970443228112055,0.24849110775125988,-0.08878667547013933
amey.co.uk,0.2037940911516588,0.11737650694923665,0.08641758420242215
 search,0.0,0.0,0.0
amfam.com,0.16811592766935798,0.24292424352853897,-0.07480831585918099
ision v,0.0,0.0,0.0
amgen.com,0.24560944517909647,0.23336728130789552,0.012242163871200945
mccombs,0.0,0.0,0.0
amli.com,0.09695293493178034,0.2105410667013955,-0.11358813176961516
amnesty.org,0.09660796573430383,0.2034386737681018,-0.10683070803379796
s de su,0.0,0.0,0.0
amnh.org,0.10405730200893303,0.2712335075415387,-0.16717620553260565
amnhealthcare.com,0.1417161963365019,0.2074281278216184,-0.0657119314851165
ampcapital.com,0.16509281060022188,0.159253561884482,0.005839248715739875
ick apr,0.0,0.0,0.0
amtrak.com,0.1020111658488015,0.29963310498662094,-0.19762193913781945
manitob,0.0,0.0,0.0
amwater.com,0.22841585958601257,0.1977430071915909,0.030672852394421662
ly dive,0.0,0.0,0.0
Amway.com,0.262249460584182,0.3092097389578514,-0.046960278373669395
anadarko.com,0.13973985018065618,0.11195387602127124,0.02778597415938494
analog.com,0.0766393868029646,0.125564534270666,-0.048925147467701394
ork con,0.0,0.0,0.0
ancestry.com,0.10706837720505695,0.30607428752274657,-0.1990059103176896
anchor.org.uk,0.11630510694381005,0.30829709960704366,-0.1919919926632336
andersencorporation.com,0.28335643553308465,0.20091870051085772,0.08243773502222693
andrewpage.com,0.15773979507256794,0.29632930549633835,-0.1385895104237704
anglia.ac.uk,0.21039726292322575,0.18318899772000463,0.027208265203221116
p educa,0.0,0.0,0.0
anglianhome.co.uk,0.15588079980005018,0.28395906783180636,-0.12807826803175618
sulatio,0.0,0.0,0.0
anglianwater.co.uk,0.23709205537259784,0.14903642887312551,0.08805562649947232
ed silv,0.0,0.0,0.0
angus.gov.uk,0.13927877116640677,0.22636317348955173,-0.08708440232314496
anixter.com,0.2651679380042095,0.18091005224466714,0.08425788575954238
mail ca,0.0,0.0,0.0
annalect.com,0.11469629374874163,0.1620782096637141,-0.04738191591497248
annsummers.com,0.07128850300526704,0.3107940815669462,-0.23950557856167917
anpost.ie,0.22297568056944161,0.3042078664246951,-0.08123218585525349
post of,0.0,0.0,0.0
anritsu.com,0.16152039369748322,0.16536789802689575,-0.0038475043294125266
vision ,0.0,0.0,0.0
ansto.gov.au,0.22468136627087515,0.11332938175040244,0.11135198452047271
ansys.com,0.24122500305193634,0.18674173806936184,0.0544832649825745
er welt,0.0,0.0,0.0
antheminc.com,0.1821564448551005,0.09500212303999357,0.08715432181510692
anu.edu.au,0.17567411430480187,0.16803008656012997,0.007644027744671905
iceslib,0.0,0.0,0.0
AnytimeFitness.com,0.09671742607644226,0.2611738413862662,-0.16445641530982394
aon.com,0.2058045436522127,0.18985964965749963,0.015944893994713077
a-p.com,0.06764534622717314,0.0992836346296607,-0.03163828840248756
ap.org,0.26185749563333116,0.22162289357987522,0.04023460205345594
tigator,0.0,0.0,0.0
apa.com.au,0.165378419568807,0.1338802705015239,0.0314981490672831
enance ,0.0,0.0,0.0
apachecorp.com,0.0861038568384579,0.14693239454816384,-0.060828537709705935
apc.com,0.2919439913669519,0.17405293358125146,0.11789105778570047
apetito.co.uk,0.16115959538017585,0.2158184626170938,-0.05465886723691796
est lev,0.0,0.0,0.0
api.net.au,0.10765078536976663,0.12701936016398996,-0.019368574794223326
apigee.com,0.24236226260493743,0.2549035194974949,-0.012541256892557473
e chang,0.0,0.0,0.0
aplant.com,0.17162281887861902,0.1853538381178887,-0.01373101923926967
appannie.com,0.0617481870717898,0.16047694616137842,-0.09872875908958861
appdynamics.com,0.2487197063705919,0.21198537356011019,0.03673433281048172
AppFolio.com,0.18830496706262204,0.29189222696755773,-0.1035872599049357
appian.com,0.0,0.0,0.0
appirio.com,0.2044468175476619,0.14703141746006437,0.05741540008759752
apple.com,0.07758101457897046,0.27296668710548594,-0.19538567252651548
d chang,0.0,0.0,0.0
appliedmaterials.com,0.2832364564413175,0.14270197527940096,0.14053448116191655
ws even,0.0,0.0,0.0
appliedmedical.com,0.15452575068687552,0.09316504303988411,0.061360707646991405
appliedsystems.com,0.24073205811728635,0.18009950142730888,0.06063255668997747
t custo,0.0,0.0,0.0
apptio.com,0.3012585778168035,0.21731799786756467,0.08394057994923881
flare c,0.0,0.0,0.0
aps.com,0.15568069980745267,0.15134003195997844,0.004340667847474222
s payme,0.0,0.0,0.0
aptean.com,0.23705485136173404,0.2077495765242245,0.029305274837509554
apttus.com,0.25136289946477935,0.153921839064741,0.09744106040003836
aptuit.com,0.14555362566272628,0.23785031304512605,-0.09229668738239977
apus.edu,0.16203984582854913,0.21235885802896842,-0.05031901220041929
ublic a,0.0,0.0,0.0
aquent.com,0.26327519736925536,0.29535006365273486,-0.0320748662834795
arcadiagroup.co.uk,0.0852767200849634,0.18774032739208885,-0.10246360730712545
arcadis.com,0.22387940085670463,0.1799510298861369,0.04392837097056773
archant.co.uk,0.19875047084552824,0.24172280976841995,-0.042972338922891706
architecture.com,0.1779786628071983,0.22143888573993128,-0.043460222932732995
riba in,0.0,0.0,0.0
aresmgmt.com,0.15655013473112467,0.17379198303843874,-0.017241848307314067
uxembou,0.0,0.0,0.0
argos.co.uk,0.1835450014526434,0.31997728444906487,-0.13643228299642146
ariba.com,0.1269646706824804,0.2169852762164,-0.0900206055339196
arding ,0.0,0.0,0.0
ariensco.com,0.10812264855205116,0.17003523073928817,-0.06191258218723701
arifleet.com,0.24906124402241006,0.2155512939716203,0.03350995005078977
count n,0.0,0.0,0.0
arizona.edu,0.1499240586992329,0.16391325185355682,-0.013989193154323926
 left s,0.0,0.0,0.0
arkadin.com,0.2707885883921142,0.20819358042346264,0.06259500796865158
sed exc,0.0,0.0,0.0
arm.com,0.24496633439767268,0.27340053135647163,-0.028434196958798952
layer s,0.0,0.0,0.0
armstrong.com,0.08680658224981197,0.0938498413228589,-0.007043259073046926
army.mil,0.1871755777748453,0.32884159147571146,-0.14166601370086615
army.mod.uk,0.11545360237107499,0.2209730975133588,-0.10551949514228381
arnoldclark.com,0.05405564777593678,0.07442861866499684,-0.02037297088906006
arqiva.com,0.3115159545850583,0.2672412218683259,0.044274732716732434
s proce,0.0,0.0,0.0
arrow.com,0.23741570586904182,0.24021160608441197,-0.002795900215370156
arrowecs.co.uk,0.2972377740308778,0.12403981360960839,0.17319796042126942
arsenal.com,0.09927018864518082,0.23978576247754307,-0.14051557383236224
enal so,0.0,0.0,0.0
Arthrex.com,0.16943624336672636,0.13747525070303726,0.0319609926636891
arts.ac.uk,0.1854610746493831,0.15452370494634812,0.030937369703034984
arts.qld.gov.au,0.1806292679347801,0.14318706507991993,0.03744220285486016
arubanetworks.com,0.32525205950799285,0.24427494598459,0.08097711352340287
etworks,0.0,0.0,0.0
arup.com,0.16629114180427215,0.14932951065919847,0.01696163114507368
aruplab.com,0.14250354930399886,0.19069887490130416,-0.0481953255973053
 site v,0.0,0.0,0.0
arvest.com,0.17328469063942276,0.4040558032118279,-0.23077111257240512
urces y,0.0,0.0,0.0
asa.org,0.13924316475679302,0.19091498047539673,-0.051671815718603714
asc.com.au,0.17131751281166546,0.12869532639816866,0.0426221864134968
ascentric.co.uk,0.14882594520795545,0.2623624225998064,-0.11353647739185097
asggroup.com.au,0.20502876745433962,0.14404094917959764,0.06098781827474198
ashford.gov.uk,0.16143742671303904,0.0647493092539957,0.09668811745904334
ashleyfurniture.com,0.13859276909494228,0.20176126767705996,-0.06316849858211768
ashurst.com,0.2552031405504848,0.3149474581846678,-0.059744317634182975
asos.com,0.18001720902428545,0.2780663909614731,-0.09804918193718767
re best,0.0,0.0,0.0
aspentech.com,0.1998581060294254,0.177024040463734,0.022834065565691397
asrcfederal.com,0.2788324370332383,0.13460592619249856,0.14422651084073973
leader ,0.0,0.0,0.0
assurant.com,0.19190324791637578,0.22155727970904765,-0.02965403179267187
astellas.us,0.26939995052540133,0.22762281048049318,0.04177714004490815
philoso,0.0,0.0,0.0
aston.ac.uk,0.2295367264454824,0.15112303983285733,0.07841368661262507
astonmartin.com,0.07212356707312965,0.28899419264412574,-0.21687062557099607
t core ,0.0,0.0,0.0
astrazeneca.com,0.23296562843771837,0.31590908172967863,-0.08294345329196026
asu.edu,0.1747249099415022,0.2134977701560843,-0.038772860214582094
hlete d,0.0,0.0,0.0
asurion.com,0.3452849378559404,0.28276392787806776,0.06252100997787263
rofit s,0.0,0.0,0.0
asx.com.au,0.18988668913619647,0.2166492125033021,-0.026762523367105634
 securi,0.0,0.0,0.0
at.govt.nz,0.1835322817109411,0.22232037230796273,-0.038788090597021624
hop ret,0.0,0.0,0.0
atd-us.com,0.16506825636634864,0.19887431501845954,-0.03380605865211089
atgtickets.com,0.15706594096332768,0.1384618628973575,0.01860407806597017
athenahealth.com,0.18153163226770452,0.19148756967073927,-0.009955937403034743
atipt.com,0.19707654336063593,0.2383985314961005,-0.04132198813546456
atkearney.com,0.1584898381842409,0.17829891505399073,-0.019809076869749837
atlanticrecords.com,0.03304364382843948,0.2012166003651984,-0.1681729565367589
atlascopco.com,0.1448987084542881,0.20644812998854584,-0.06154942153425774
atlassian.com,0.22609713997965536,0.2321818719241974,-0.006084731944542038
le focu,0.0,0.0,0.0
atmosenergy.com,0.1136548609391756,0.08488788145931639,0.028766979479859206
ato.gov.au,0.3252321694995221,0.2353276209523674,0.08990454854715471
 report,0.0,0.0,0.0
atos.net,0.3583824108210294,0.23584431464492922,0.12253809617610018
mbourg ,0.0,0.0,0.0
ats.avnet.com,0.03449110916855265,0.0,0.03449110916855265
atseuromaster.co.uk,0.19164529321601623,0.252083358849771,-0.060438065633754784
atsol.com,0.16071877445052557,0.13401003204896658,0.026708742401558988
att.com,0.10100526162932685,0.1843305883483148,-0.08332532671898796
att.eu,0.04786996133575146,0.1391558357596978,-0.09128587442394635
au.issworld.com,0.19929572794869466,0.10895005546091702,0.09034567248777764
ces sec,0.0,0.0,0.0
au.nec.com,0.24594148900590862,0.14790491626223276,0.09803657274367586
ava int,0.0,0.0,0.0
auburn.edu,0.16647751847875256,0.26145752865022015,-0.0949800101714676
auckland.ac.nz,0.2319448379090413,0.20418259580822495,0.027762242100816348
unity s,0.0,0.0,0.0
aucklandairport.co.nz,0.10662116938546568,0.3387301536624998,-0.23210898427703414
aucklandcity.govt.nz,0.1623027315536101,0.02517309944340066,0.13712963211020945
aucklandcouncil.govt.nz,0.16525807578241325,0.21991422125275087,-0.05465614547033762
 cemete,0.0,0.0,0.0
auction.com,0.08382598447219217,0.2251008059963295,-0.14127482152413734
audiusa.com,0.1254171820934605,0.3218276286173074,-0.1964104465238469
audubon.org,0.18478588725110678,0.32419636988952466,-0.13941048263841788
ummer s,0.0,0.0,0.0
aurecongroup.com,0.15533678384410335,0.15230481398539866,0.003031969858704686
on advi,0.0,0.0,0.0
aurizon.com.au,0.15608317590145968,0.13454501390866933,0.02153816199279035
aurorahealthcare.org,0.12641956314784766,0.15126916643081006,-0.0248496032829624
cal rec,0.0,0.0,0.0
ausco.com.au,0.14194389208272645,0.19693789944946227,-0.05499400736673582
ausenco.com,0.24647536112983465,0.13933026996398243,0.10714509116585222
ausgrid.com.au,0.1699308044255979,0.3180788592896771,-0.1481480548640792
sgrid r,0.0,0.0,0.0
ausport.gov.au,0.1416310354429341,0.19824918543601033,-0.05661814999307624
rack fi,0.0,0.0,0.0
auspost.com.au,0.14795320394193323,0.19296611985290058,-0.045012915910967344
rous am,0.0,0.0,0.0
austintexas.gov,0.2155785738128423,0.24353634604974447,-0.027957772236902184
austrade.gov.au,0.14560093601794344,0.08059534609685204,0.0650055899210914
australiacouncil.gov.au,0.09706976746304688,0.08467780579803509,0.012391961665011789
ubmissi,0.0,0.0,0.0
aut.ac.nz,0.185262201354721,0.1275429445610279,0.05771925679369308
auto-owners.com,0.12391216197515077,0.1170390945460278,0.00687306742912297
claims ,0.0,0.0,0.0
autosoftdms.com,0.11642565048989198,0.17265509942960636,-0.05622944893971438
autotask.com,0.28088649349547645,0.16489106064601647,0.11599543284945998
al sea ,0.0,0.0,0.0
autotrader.co.uk,0.11024541987978738,0.30825720136104584,-0.19801178148125848
avanade.com,0.28016800543068987,0.2094021619845176,0.07076584344617226
tner ye,0.0,0.0,0.0
avant.org.au,0.14598629172466357,0.16652410087409458,-0.020537809149431013
brary n,0.0,0.0,0.0
Aveda.com,0.07922744162687838,0.38483446713695635,-0.30560702551007796
avepoint.com,0.19003665426850644,0.15790326274848787,0.03213339152001857
ech sum,0.0,0.0,0.0
avera.org,0.12612302580948742,0.13771551783923827,-0.01159249202975085
ces gui,0.0,0.0,0.0
averittexpress.com,0.21285816588924472,0.23766868062094365,-0.02481051473169893
al comm,0.0,0.0,0.0
aveva.com,0.2807930511686778,0.2153038714676259,0.06548917970105192
avid.com,0.28428769488399186,0.24330135902130937,0.040986335862682494
rved se,0.0,0.0,0.0
avidxchange.com,0.285987998377665,0.25440142441326064,0.03158657396440434
ve mcla,0.0,0.0,0.0
avigilon.com,0.1580467728529349,0.13624743800664396,0.02179933484629093
ing qua,0.0,0.0,0.0
avinc.com,0.21875273978598958,0.12130699681508925,0.09744574297090033
 effici,0.0,0.0,0.0
avios.com,0.1882489003459145,0.43473369329237527,-0.24648479294646078
ed cana,0.0,0.0,0.0
avisbudgetgroup.com,0.14973788822053125,0.09390426239409165,0.055833625826439595
avisonyoung.com,0.2263003507764174,0.16312675689205225,0.06317359388436516
avispl.com,0.30002396563568173,0.1741929992774504,0.12583096635823132
aviva.com,0.2038655761401683,0.13267888399557415,0.07118669214459414
tle sim,0.0,0.0,0.0
avivainvestors.com,0.2047826577497142,0.16473490032066446,0.04004775742904973
p und a,0.0,0.0,0.0
awginc.com,0.18928598055497203,0.27039861927218095,-0.08111263871720892
aws.amazon.com,0.1985065231208199,0.17457050779328634,0.02393601532753356
amazon ,0.0,0.0,0.0
axa.com,0.19694912684861274,0.26319795055767936,-0.06624882370906662
im repo,0.0,0.0,0.0
axappphealthcare.co.uk,0.17004660611158978,0.1347917193788328,0.03525488673275698
nvenien,0.0,0.0,0.0
axial.net,0.1154407854364876,0.19298131793827789,-0.07754053250179029
axiomlaw.com,0.2740572768836384,0.12994065677486605,0.14411662010877235
axiossystems.com,0.2113565676223318,0.18178415555547087,0.029572412066860926
axis.com,0.32714342354814185,0.1380680016065294,0.18907542194161245
axway.com,0.25270527120376496,0.22795374184689216,0.024751529356872803
de su i,0.0,0.0,0.0
azblue.com,0.1995965379999911,0.2902120760313685,-0.0906155380313774
azlan.nl,0.0,0.0,0.0
babcockinternational.com,0.16433391159304825,0.18904897704453094,-0.024715065451482693
bacardilimited.com,0.15580730823841007,0.17957141331127233,-0.02376410507286225
baesystems.com,0.24111238470632157,0.2273334222326239,0.01377896247369767
chnolog,0.0,0.0,0.0
bain.com,0.26973297571474,0.21309527258289565,0.056637703131844325
d top c,0.0,0.0,0.0
bakerhughes.com,0.12559306016663307,0.11908200373874929,0.006511056427883785
bakermckenzie.com,0.1781137009183244,0.1976548842151943,-0.019541183296869907
bakertilly.com,0.19675781154834654,0.22894628939777473,-0.03218847784942819
eturnin,0.0,0.0,0.0
balfourbeatty.com,0.24337152301376325,0.18530910364424974,0.05806241936951351
bam.co.uk,0.11510133607161793,0.26223960491893705,-0.14713826884731912
bamnuttall.co.uk,0.10105128285882936,0.17207051757027284,-0.07101923471144347
bangor.ac.uk,0.24360889812921813,0.11314410021899987,0.13046479791021826
bangor.com,0.15592588087646622,0.2625185325669515,-0.10659265169048529
astern ,0.0,0.0,0.0
bankofengland.co.uk,0.08849976934452293,0.20840699367099377,-0.11990722432647084
ite coo,0.0,0.0,0.0
bankofireland.com,0.16452417408982226,0.294208932051953,-0.12968475796213072
 bank i,0.0,0.0,0.0
bankofmelbourne.com.au,0.2307039816506447,0.42352533543257087,-0.19282135378192616
reached,0.0,0.0,0.0
baptcare.org.au,0.1839912531687034,0.1545938909199098,0.029397362248793607
ild saf,0.0,0.0,0.0
baptist-health.com,0.10041983001359718,0.13513032965669244,-0.03471049964309526
barbican.org.uk,0.1340525042337431,0.13598855816551614,-0.0019360539317730407
barchester.com,0.09268288323495903,0.2669037846898121,-0.17422090145485303
barclayscorporate.com,0.37145483090781484,0.2982971284353732,0.07315770247244163
barco.com,0.2377998208468564,0.22000387304085212,0.017795947806004297
iteurs ,0.0,0.0,0.0
barfoot.co.nz,0.14006089607962294,0.34021941618453244,-0.2001585201049095
barnet.gov.uk,0.15708555839804395,0.21813037074518654,-0.061044812347142596
barrattcareers.co.uk,0.19792779731480428,0.3141446668255082,-0.1162168695107039
barrick.com,0.18253900808309317,0.10840943247596675,0.07412957560712642
bartonmalow.com,0.09297183956761786,0.07230171220160958,0.020670127366008276
basf.com,0.22652972238817046,0.11645117580472676,0.1100785465834437
 europa,0.0,0.0,0.0
basspro.com,0.07287456734965476,0.36673566264781077,-0.293861095298156
ditions,0.0,0.0,0.0
bath.ac.uk,0.06377553295658167,0.10028380269845064,-0.036508269741868965
bathfitter.com,0.18555584794438826,0.21670329332131197,-0.03114744537692371
bauermedia.co.uk,0.1619125648997721,0.10056756842022672,0.061344996479545374
bausch.com,0.19806012164321973,0.17696024863230475,0.021099873010914982
ing pro,0.0,0.0,0.0
baxter.com,0.2571555012702504,0.16452125745180818,0.09263424381844221
l dialy,0.0,0.0,0.0
baxters.com,0.1468632155748241,0.2746301266231521,-0.12776691104832802
bayada.com,0.13291662270664845,0.13163132138605332,0.0012853013205951225
baycare.org,0.12860999794076694,0.13356384508404479,-0.004953847143277845
eph hos,0.0,0.0,0.0
baylor.edu,0.1774464398797898,0.11874494382060055,0.058701496059189257
ore con,0.0,0.0,0.0
bazaarvoice.com,0.19034256797077698,0.2386880424006205,-0.04834547442984352
dea fic,0.0,0.0,0.0
bbb.org,0.28134566522039145,0.2511366935644107,0.030208971655980743
bbc.co.uk,0.16699196046913461,0.3043661686775711,-0.1373742082084365
nbsp bb,0.0,0.0,0.0
bbisolutions.com,0.2778710465524638,0.20014817370961185,0.07772287284285195
 contac,0.0,0.0,0.0
bbk.ac.uk,0.04732957007437365,0.11475594404735513,-0.06742637397298148
tment h,0.0,0.0,0.0
BBraunUSA.com,0.19528316857657543,0.16945446774649928,0.025828700830076157
bc.edu,0.141918821189614,0.14988136209497055,-0.007962540905356558
 school,0.0,0.0,0.0
bcbsm.com,0.14791777203082004,0.18177710960929178,-0.03385933757847173
lans me,0.0,0.0,0.0
bcbst.com,0.13703487221572985,0.19741865569333042,-0.06038378347760057
ies amp,0.0,0.0,0.0
bcdtravel.com,0.29682783078779484,0.25620020697957274,0.0406276238082221
bciaustralia.com,0.2678367495780322,0.20856760198037233,0.05926914759765989
bcm.edu,0.14785790906289017,0.2105173770261985,-0.06265946796330832
 early ,0.0,0.0,0.0
bcu.ac.uk,0.17282236428595601,0.24804914584246904,-0.07522678155651302
ocial c,0.0,0.0,0.0
bd.com,0.2025591884285919,0.18109413056918236,0.021465057859409553
 soluti,0.0,0.0,0.0
bdo.com,0.2866231627513814,0.2327735459823535,0.053849616769027886
 usbdo ,0.0,0.0,0.0
bdo.com.au,0.25247885242276746,0.20286047926008074,0.04961837316268672
peciali,0.0,0.0,0.0
beachbody.com,0.1143200317555313,0.19610859831928423,-0.08178856656375293
 expand,0.0,0.0,0.0
beaerospace.com,0.14547373671482916,0.146443538492442,-0.0009698017776128276
beazer.com,0.2043036840824136,0.19547655769728783,0.008827126385125755
beca.com,0.23024047996095948,0.27622968897549566,-0.04598920901453618
bechtel.com,0.3094675850019122,0.1497832576236065,0.15968432737830568
abontel,0.0,0.0,0.0
becker.com,0.14006870328366627,0.19895000189185183,-0.058881298608185556
beckman.com,0.2528207111128302,0.22646129568141388,0.026359415431416344
s jump ,0.0,0.0,0.0
bedbathandbeyond.com,0.11514111982217046,0.43375796922201826,-0.3186168493998478
bedford.gov.uk,0.1476758075262121,0.2386581526374479,-0.09098234511123582
beds.ac.uk,0.18548274066640966,0.17644940329177555,0.009033337374634104
pert ev,0.0,0.0,0.0
begbies-traynorgroup.com,0.29096565809340874,0.23530417561717387,0.05566148247623487
beiersdorf.com,0.20907556987463216,0.31699485111482384,-0.10791928124019168
ngs cor,0.0,0.0,0.0
belfastmet.ac.uk,0.15842490747935062,0.3219799328843924,-0.1635550254050418
 colleg,0.0,0.0,0.0
bellhelicopter.com,0.11107326567098906,0.10077368659851513,0.010299579072473933
bendongroup.com,0.0592648406597196,0.2122212768373884,-0.1529564361776688
benefitcosmetics.com,0.05944426713192105,0.44504739803212523,-0.38560313090020415
 ppar p,0.0,0.0,0.0
benefitfocus.com,0.19137323364035957,0.23896147611311117,-0.04758824247275159
benjaminmoore.com,0.15882430223570543,0.3413845943371345,-0.18256029210142904
bentley.com,0.1686648434575421,0.18299722106970875,-0.014332377612166658
jets ut,0.0,0.0,0.0
bentley.edu,0.2054386078472015,0.15114104092558223,0.05429756692161927
bentleymotors.com,0.13134059045810678,0.297434660955047,-0.16609407049694022
berkeleygroup.co.uk,0.21025887776861343,0.19886768123104423,0.011391196537569204
ve owne,0.0,0.0,0.0
bernardmatthews.com,0.08564696610273263,0.1391211602219666,-0.05347419411923397
bestbuddies.org,0.10894741437071437,0.3718803038694034,-0.26293288949868904
includi,0.0,0.0,0.0
bestwestern.com,0.07005484361073964,0.17861244428151996,-0.10855760067078031
ng wohl,0.0,0.0,0.0
bethematch.org,0.16909356114404897,0.2149803971271413,-0.04588683598309232
ure mis,0.0,0.0,0.0
beyondbank.com.au,0.1678198858644019,0.30453517751323794,-0.13671529164883603
le goal,0.0,0.0,0.0
bfi.org.uk,0.17473610917027557,0.25736490832519104,-0.08262879915491547
rowse b,0.0,0.0,0.0
bgca.org,0.16139900923483952,0.36468217942588527,-0.20328317019104575
nefits ,0.0,0.0,0.0
bgcpartners.com,0.22111281234705735,0.13074582639831392,0.09036698594874343
bgsu.edu,0.1481119934457615,0.2056604117659656,-0.0575484183202041
ses dat,0.0,0.0,0.0
bhf.org.uk,0.16414118127487062,0.35115220743550585,-0.18701102616063522
otland ,0.0,0.0,0.0
bibbyfinancialservices.com,0.29938303761406077,0.0996713679254145,0.19971166968864626
ding in,0.0,0.0,0.0
bibendum-wine.co.uk,0.21946547179386058,0.28396816890929266,-0.06450269711543208
tact co,0.0,0.0,0.0
bidvestlogistics.com,0.17457544574970912,0.19518021049811496,-0.020604764748405835
bigcommerce.com,0.04561485339377079,0.10437709878301546,-0.05876224538924467
bigheartpet.com,0.04084980846744371,0.08623693449849992,-0.04538712603105621
bioclinica.com,0.23248051233565165,0.15702091868237428,0.07545959365327737
biola.edu,0.31319171366152615,0.1640681475440749,0.14912356611745126
require,0.0,0.0,0.0
biomedcentral.com,0.12782043799409754,0.20777943080551503,-0.0799589928114175
ntacts ,0.0,0.0,0.0
bipsolutions.com,0.37659988294392394,0.17043481693728765,0.20616506600663628
obo inv,0.0,0.0,0.0
birchbox.com,0.007211423649001783,0.04037555530046436,-0.03316413165146258
birmingham.gov.uk,0.21080979058389487,0.20326543074683506,0.007544359837059811
eaths c,0.0,0.0,0.0
birst.com,0.21743691538794213,0.22881719736232864,-0.011380281974386508
bisk.com,0.13102932776466758,0.19738221901143485,-0.06635289124676727
bitc.org.uk,0.35171200756668414,0.16812179174411443,0.1835902158225697
le bott,0.0,0.0,0.0
BIU.com,0.1606756983744447,0.08386134673384484,0.07681435164059987
bjs.com,0.1470204163617963,0.3041844072953801,-0.1571639909335838
bk.com,0.056985722926021734,0.20009957038146903,-0.1431138474554473
bkd.com,0.21272086618633274,0.18264472098757537,0.03007614519875737
bkfs.com,0.2657585883513713,0.1894210706100823,0.076337517741289
califor,0.0,0.0,0.0
bl.uk,0.22185923159585033,0.3024033840277402,-0.08054415243188986
e playe,0.0,0.0,0.0
blackbaud.com,0.22404467749455895,0.20600065653718713,0.018044020957371815
BlackBerry.com,0.01878851188018884,0.11034362532004736,-0.09155511343985853
blackboard.com,0.2406691444055686,0.2038393896919902,0.03682975471357841
p schoo,0.0,0.0,0.0
blackbox.com,0.2569079123916712,0.21370062968681566,0.04320728270485555
oms pub,0.0,0.0,0.0
blackburn.gov.uk,0.13105302417366696,0.20717458898300664,-0.07612156480933968
blackducksoftware.com,0.15538500889588178,0.17485018629650065,-0.01946517740061887
tlc awa,0.0,0.0,0.0
blackpool.gov.uk,0.08852170874567786,0.18859543272203702,-0.10007372397635916
blackrock.com,0.20758632501696223,0.27554099995117964,-0.06795467493421742
thropy ,0.0,0.0,0.0
blackstone.com,0.15153053014434553,0.15551518207407794,-0.003984651929732408
bloomberg.com,0.28287025510070324,0.2875589657245214,-0.004688710623818149
loomber,0.0,0.0,0.0
bloomenergy.com,0.09161460749530154,0.06831174162928048,0.023302865866021052
bluecare.org.au,0.095224810477885,0.26356606900199037,-0.16834125852410536
bluecrossma.com,0.10866867147404594,0.10082260772059634,0.007846063753449595
 nation,0.0,0.0,0.0
bluefountainmedia.com,0.13518824732562898,0.20321255051249473,-0.06802430318686575
bluegreenvacations.com,0.066272049306508,0.16478323335921086,-0.09851118405270286
blueorigin.com,0.06651605879735309,0.090050400749282,-0.02353434195192891
bluescope.com,0.09666881174107017,0.1245586697158795,-0.027889857974809334
bluestatedigital.com,0.1173316798258479,0.07623651745245037,0.041095162373397526
bluewolf.com,0.2385914934746238,0.17603160931640002,0.06255988415822378
bmc.com,0.19499354976310257,0.17779619676179995,0.017197353001302623
prises ,0.0,0.0,0.0
bmihealthcare.co.uk,0.14008454441456422,0.2673473593202047,-0.12726281490564048
bmoharris.com,0.061295899329612394,0.3210160673698474,-0.259720168040235
bmrn.com,0.1406136103137604,0.19510731800316355,-0.05449370768940315
bms.com,0.18012113239795843,0.15750440108811858,0.02261673130983985
nt shor,0.0,0.0,0.0
bmw.co.uk,0.19938197185271403,0.26495370678510005,-0.06557173493238602
y proje,0.0,0.0,0.0
bne.com.au,0.1609290968320208,0.2694189396317351,-0.10848984279971427
bnymellon.com,0.11946708612218318,0.17021243590856924,-0.05074534978638606
estment,0.0,0.0,0.0
bnz.co.nz,0.24895838141824725,0.43410933879142444,-0.1851509573731772
boaweb.com,0.16498940394038372,0.19885464892698723,-0.03386524498660351
bobcat.com,0.13101339214832347,0.22281145675489178,-0.09179806460656831
quest b,0.0,0.0,0.0
BOConline.co.uk,0.14733101969035006,0.1001755158196723,0.04715550387067777
ay incl,0.0,0.0,0.0
boden.co.uk,0.0733689774097256,0.30161172420299903,-0.22824274679327344
bodybuilding.com,0.17464179355073395,0.3296356193779122,-0.15499382582717824
 intens,0.0,0.0,0.0
bofaml.com,0.09824527033508819,0.24670334216582301,-0.14845807183073484
bohlerengineering.com,0.17190856674434732,0.17898935071994684,-0.007080783975599525
bolton.ac.uk,0.19752389850782234,0.1671503270184094,0.030373571489412943
rsl nbs,0.0,0.0,0.0
bom.gov.au,0.16193154760973424,0.11748922452622451,0.04444232308350973
nationa,0.0,0.0,0.0
bomgar.com,0.1633171558795483,0.21417784773721102,-0.05086069185766273
bond.edu.au,0.2252375224129001,0.19892946856197005,0.026308053850930047
e bond ,0.0,0.0,0.0
boohoo.com,0.029995963207395004,0.21935788496820854,-0.18936192176081354
bookit.com,0.1695465667868453,0.2639004800681107,-0.09435391328126538
boots.jobs,0.15780249027238463,0.22769897737297592,-0.06989648710059129
boral.com.au,0.15581342142538224,0.17013061355552725,-0.014317192130145012
bordgaisenergy.ie,0.23806506397057775,0.16616974655158073,0.07189531741899702
bordnamona.ie,0.11766032197482397,0.09621601026300898,0.02144431171181499
boschsecurity.com,0.19449707951502057,0.22154415528336532,-0.027047075768344753
bostonscientific.com,0.1758704314604091,0.13984055958764352,0.03602987187276557
nal cor,0.0,0.0,0.0
bottomline.com,0.20619210903565324,0.22589784507799535,-0.019705736042342104
loud ba,0.0,0.0,0.0
bounty.com,0.11269150125278429,0.19281325135423913,-0.08012175010145484
 guides,0.0,0.0,0.0
bournemouth.ac.uk,0.22677237361861186,0.19667588533728522,0.030096488281326633
bournemouth.gov.uk,0.11622954935890809,0.2640800760003774,-0.14785052664146933
box.com,0.1426318418396205,0.11901730745452563,0.023614534385094865
boxhill.edu.au,0.2460577079501531,0.27182275062593286,-0.025765042675779753
tnershi,0.0,0.0,0.0
boydgaming.com,0.22384515499749102,0.24224737759512535,-0.018402222597634327
program,0.0,0.0,0.0
bp.com,0.23180087848640876,0.1427251892866614,0.08907568919974737
nt sust,0.0,0.0,0.0
bpha.org.uk,0.16066952356508785,0.07659953281849137,0.08406999074659648
bpp.com,0.15628420982407815,0.17106335370041367,-0.014779143876335527
bracknell-forest.gov.uk,0.2201375890621182,0.16479184263379193,0.055345746428326265
bradford.ac.uk,0.19670960800425769,0.1882905642573836,0.008419043746874078
bradford.gov.uk,0.2076737642691397,0.2606190807857609,-0.05294531651662121
bradycorp.com,0.24768374950176364,0.29271696954241166,-0.045033220040648025
brafton.com,0.17496815302573118,0.07088085634948393,0.10408729667624725
brammer.biz,0.2414282377399891,0.19317548006187607,0.04825275767811302
brandlearning.com,0.1669257368660523,0.1804877868312849,-0.013562049965232609
 strate,0.0,0.0,0.0
brandmuscle.com,0.18984432107873747,0.20478669869630903,-0.014942377617571556
brasfieldgorrie.com,0.24678414386681033,0.12112868063645951,0.12565546323035082
bravurasolutions.com,0.33521553698730794,0.20394908273831763,0.1312664542489903
ions ac,0.0,0.0,0.0
brenntag.com,0.34366484954364557,0.2734134642587119,0.07025138528493369
oyer am,0.0,0.0,0.0
bridgend.gov.uk,0.16925909277902018,0.21664198789557912,-0.04738289511655894
bridgepointeducation.com,0.103620859381048,0.11151480719614583,-0.007893947815097835
bridgestoneamericas.com,0.26276435171246404,0.2161555220951169,0.046608829617347136
briggsandstratton.com,0.0,0.03147995555418497,-0.03147995555418497
brightergy.com,0.19460908933430848,0.15515260437257408,0.0394564849617344
brighthorizons.com,0.1433640221365917,0.2535580202610392,-0.1101939981244475
oyees c,0.0,0.0,0.0
brighthouse.co.uk,0.12538145150798943,0.3254292850487831,-0.20004783354079367
brighthouse.com,0.27356907339038666,0.25406836087230183,0.01950071251808483
brighton.ac.uk,0.21973791378643873,0.1683803441818287,0.05135756960461002
 identi,0.0,0.0,0.0
brighton-hove.gov.uk,0.16990806304904535,0.2943248217640535,-0.12441675871500815
anuary ,0.0,0.0,0.0
brighttalk.com,0.2009941931661679,0.13216703689999326,0.06882715626617464
brisbanefestival.com.au,0.10216600032191528,0.170522453449917,-0.06835645312800173
bristol.ac.uk,0.22791436932359602,0.1990919299333818,0.028822439390214227
bristol.gov.uk,0.24860701233917934,0.19873301770093935,0.04987399463823999
britishcouncil.org,0.12495665488794441,0.13322378845842914,-0.008267133570484725
britishcycling.org.uk,0.1458235229644744,0.24370793798516052,-0.09788441502068612
address,0.0,0.0,0.0
britishgas.co.uk,0.2082366555412662,0.15080357233992944,0.05743308320133675
british-gypsum.com,0.2056708954094178,0.25880328481795273,-0.05313238940853493
tional ,0.0,0.0,0.0
britishmuseum.org,0.156172182642223,0.38345768095127003,-0.22728549830904704
access ,0.0,0.0,0.0
broadcom.com,0.16155502168893218,0.15684072206533586,0.004714299623596319
t conve,0.0,0.0,0.0
broadinstitute.org,0.10381761342305282,0.12435367275083335,-0.020536059327780534
broadridge.com,0.15805094585556956,0.15921447055302831,-0.0011635246974587565
tin fre,0.0,0.0,0.0
brocade.com,0.193263220210542,0.193749999838287,-0.0004867796277449876
japan i,0.0,0.0,0.0
brokernetwork.co.uk,0.2275808845473418,0.2042654334077933,0.0233154511395485
bronto.com,0.2595036720583697,0.3199599875656438,-0.060456315507274094
 guinea,0.0,0.0,0.0
brookings.edu,0.148207318339324,0.30077800870106325,-0.15257069036173926
Brooks.com,0.20161771336040374,0.21165286438617345,-0.010035151025769712
ents ma,0.0,0.0,0.0
brooksbrothers.com,0.09115444732788684,0.3947623120963396,-0.30360786476845275
s amp a,0.0,0.0,0.0
brother.co.uk,0.28584922935612717,0.23754229389548198,0.048306935460645184
 suppli,0.0,0.0,0.0
brother-usa.com,0.27766027789180586,0.19813689827886835,0.07952337961293751
brown.edu,0.124538961468679,0.1518444068053576,-0.0273054453366786
grant a,0.0,0.0,0.0
brownandcaldwell.com,0.1339930385329837,0.06773294620824871,0.06626009232473498
brownejacobson.com,0.28395830205570277,0.239810769414174,0.044147532641528764
ty lice,0.0,0.0,0.0
brown-forman.com,0.17052725836512286,0.22651246098134306,-0.0559852026162202
nance b,0.0,0.0,0.0
brownrudnick.com,0.12856468698796442,0.2132848221600999,-0.08472013517213547
brp.com,0.20176454247977763,0.30000400539732747,-0.09823946291754984
ohidexo,0.0,0.0,0.0
bruntwood.co.uk,0.1742683737999527,0.31128396841115474,-0.13701559461120205
bsu.edu,0.08750011299925575,0.11335644365049766,-0.025856330651241904
bt.com.au,0.13653286962016814,0.20763369563244155,-0.07110082601227341
ion wes,0.0,0.0,0.0
btconferencing.com,0.2158485928737679,0.18418757228961077,0.031661020584157124
btgplc.com,0.21952055898423145,0.1438260026101547,0.07569455637407674
btireland.com,0.21767586111418283,0.16536295730402892,0.05231290381015391
btlaw.com,0.2760332285472792,0.19234670543877724,0.08368652310850194
btp.police.uk,0.1017995703903175,0.28125275259803195,-0.17945318220771445
involve,0.0,0.0,0.0
bu.edu,0.14989146054119512,0.1655514832875776,-0.01566002274638248
tual ev,0.0,0.0,0.0
buckeye.com,0.07047135113525639,0.18310707865473147,-0.11263572751947508
bucks.ac.uk,0.18631087305437163,0.20478177909627027,-0.018470906041898633
rofessi,0.0,0.0,0.0
buckscc.gov.uk,0.16629889098511028,0.23153807969073933,-0.06523918870562906
buffalo.edu,0.18270180489364757,0.2097204178534871,-0.02701861295983954
s langu,0.0,0.0,0.0
buffalowildwings.com,0.0,0.0,0.0
buildingbetterfutures.com,0.007253371068181285,0.0,0.007253371068181285
burberrycareers.com,0.16496729958654688,0.19393443637389055,-0.028967136787343667
bureauveritas.com,0.32376420025049835,0.2066190238934257,0.11714517635707264
e keep ,0.0,0.0,0.0
burges-salmon.com,0.22296117684467767,0.16722891164573314,0.05573226519894453
burnsmcd.com,0.15325788291965145,0.15096020700540905,0.002297675914242403
burson-marsteller.com,0.19885421611571716,0.19798754754284748,0.0008666685728696832
business.comcast.com,0.3131988580165939,0.1977533385164827,0.11544551950011123
business.directenergy.com,0.2725982597503963,0.1110463281443816,0.16155193160601472
market ,0.0,0.0,0.0
business.westernunion.com,0.29647993425784047,0.19321518213563957,0.1032647521222009
business.yell.com,0.3292430844140098,0.26463340782631134,0.06460967658769845
business-sa.com,0.4154905736580333,0.2438931947566174,0.17159737890141594
businesstalentgroup.com,0.17592463164115646,0.1988487507891972,-0.02292411914804074
businesswest.co.uk,0.4129317405813561,0.3119171753363626,0.10101456524499353
butler.edu,0.20296690580447257,0.19086376842815878,0.0121031373763138
ost gra,0.0,0.0,0.0
bv.com,0.07160675145927105,0.16144802077315437,-0.08984126931388332
r trans,0.0,0.0,0.0
bvdinfo.com,0.13654178665805497,0.20479253643575193,-0.06825074977769696
antiric,0.0,0.0,0.0
bwpmlp.com,0.09060365703888146,0.08792681575462208,0.002676841284259379
byu.edu,0.12546967282422994,0.14774579937119997,-0.022276126546970032
c3presents.com,0.11883591537324913,0.10723074128507276,0.011605174088176365
ca.com,0.20798013256363074,0.15885449242948274,0.049125640134147996
ner exp,0.0,0.0,0.0
caa.com,0.0,0.0,0.0
cabi.org,0.17871566060439073,0.19186726798902395,-0.013151607384633224
nic res,0.0,0.0,0.0
cableone.net,0.2313237504664029,0.2100915935760787,0.021232156890324205
cabotcmp.com,0.18605340660701408,0.11096526573468085,0.07508814087233323
cabotcorp.com,0.3138274181717739,0.22822498312271192,0.08560243504906198
enting ,0.0,0.0,0.0
caci.com,0.2240610859980631,0.10619641003062896,0.11786467596743413
n estab,0.0,0.0,0.0
cacionline.net,0.17189817612112002,0.20439555825602068,-0.032497382134900665
cadence.com,0.0767966537235809,0.23439213880776769,-0.1575954850841868
signal ,0.0,0.0,0.0
cadwalader.com,0.3243597296197733,0.0846101818454226,0.23974954777435067
clearan,0.0,0.0,0.0
caesars.com,0.13334205719069073,0.18836173232225362,-0.05501967513156289
cairns.qld.gov.au,0.15031120102322618,0.20129773025778286,-0.05098652923455668
calcas.com,0.08886119820627202,0.14053859575934818,-0.05167739755307617
callawaygolf.com,0.18111063708846054,0.3743342532582551,-0.19322361616979455
calliduscloud.com,0.16627620660742515,0.1458239451677711,0.020452261439654035
nage pi,0.0,0.0,0.0
callprint.co.uk,0.19241426233997833,0.23208826001205843,-0.0396739976720801
caltex.com.au,0.19781877512379314,0.26814669505916283,-0.07032791993536969
cam.ac.uk,0.16994689205951716,0.16056648921432365,0.009380402845193508
cambridge.org,0.15803452189039302,0.2753743036805901,-0.1173397817901971
ts appl,0.0,0.0,0.0
camden.gov.uk,0.2221830778306465,0.2867628466777607,-0.0645797688471142
ards ho,0.0,0.0,0.0
camelotgroup.co.uk,0.2478107724264673,0.23640890868351444,0.01140186374295285
campusapartments.com,0.15122750682675726,0.14156849875565972,0.009659008071097541
canadalife.com,0.14460577960972926,0.146178681134767,-0.001572901525037751
ove com,0.0,0.0,0.0
canberra.edu.au,0.21854590456100187,0.2042681815596433,0.014277723001358572
rs busi,0.0,0.0,0.0
cancer.org,0.18059407370968245,0.23577197601869285,-0.0551779023090104
tment a,0.0,0.0,0.0
cancercenter.com,0.15286900450705532,0.18142513672200633,-0.028556132214951013
women c,0.0,0.0,0.0
cancercouncil.com.au,0.19532279511936063,0.2788562872521282,-0.08353349213276756
n prote,0.0,0.0,0.0
cancerresearchuk.org,0.13109441788130957,0.2780797918217022,-0.14698537394039266
esource,0.0,0.0,0.0
cancervic.org.au,0.163242607333979,0.2663216925539212,-0.10307908521994219
ses kee,0.0,0.0,0.0
canon.co.uk,0.22858045574019772,0.30538158339396887,-0.07680112765377115
load us,0.0,0.0,0.0
canonical.com,0.27417305185365554,0.2121956173361818,0.06197743451747373
canterbury.ac.nz,0.20220801471133107,0.21075093839710612,-0.008542923685775056
quiries,0.0,0.0,0.0
canterbury.ac.uk,0.17575299083936938,0.17010114024022782,0.005651850599141556
ms amp ,0.0,0.0,0.0
capella.edu,0.194382506035265,0.1339877623319439,0.0603947437033211
chology,0.0,0.0,0.0
capgemini.com,0.24323662285659012,0.21451228751694848,0.028724335339641638
n retai,0.0,0.0,0.0
capita-mits.co.uk,0.17873709416464564,0.12738307365261028,0.05135402051203536
capsugel.com,0.24250231884207843,0.20128607259151465,0.041216246250563776
carahsoft.com,0.2290387473901338,0.18983438710610687,0.039204360284026935
caravanclub.co.uk,0.09948630344578292,0.17552878816158712,-0.0760424847158042
carcareplan.co.uk,0.19919771947310147,0.20244072459936652,-0.0032430051262650472
cardiffmet.ac.uk,0.22967603362101047,0.14676382780871644,0.08291220581229403
cardinia.vic.gov.au,0.12408299497413135,0.21156350713574934,-0.087480512161618
cardno.com,0.2269357940891915,0.14764736782413,0.07928842626506152
o group,0.0,0.0,0.0
carecredit.com,0.11706002034660538,0.3063516310386386,-0.1892916106920332
careerbuilder.com,0.18299532583718958,0.28572987030803265,-0.10273454447084307
careered.com,0.18255173943026842,0.07591384477412755,0.10663789465614087
careers.centura.org,0.10666908364564755,0.11263734725405637,-0.005968263608408825
careers.dish.com,0.18253809372298627,0.21396697717939928,-0.03142888345641301
careers.equinox.com,0.2064418121679417,0.29944945695352354,-0.09300764478558185
careers.pepboys.com,0.22001993418130916,0.3602274921102818,-0.14020755792897266
careers.topshop.com,0.08598784613272659,0.2246515255389728,-0.13866367940624622
careers.virginmedia.com,0.1873594555538097,0.24219001363773654,-0.05483055808392684
careers.williamgrant.com,0.22939942620907458,0.2149015808700485,0.014497845339026094
caresource.com,0.18793304480674866,0.16847656055753646,0.019456484249212203
reersex,0.0,0.0,0.0
careuk.com,0.10039067675665006,0.24233955094491974,-0.14194887418826968
cargill.com,0.29395869085235377,0.25797391887084264,0.03598477198151112
carlsonrezidor.com,0.1724197879432664,0.0815860092625347,0.0908337786807317
carmax.com,0.15927640123587009,0.42500010933418375,-0.2657237080983137
carmelpartners.com,0.08268191273869975,0.15304044695530902,-0.07035853421660927
carnivalaustralia.com,0.0945071064999141,0.07165910536455815,0.022848001135355955
carolinashealthcare.org,0.13203774234012428,0.23574739298100955,-0.10370965064088528
cted vi,0.0,0.0,0.0
carphonewarehouse.com,0.1399819710806851,0.36052239194639357,-0.22054042086570846
ore sim,0.0,0.0,0.0
cars.mclaren.com,0.1299986821987148,0.19477551749662106,-0.06477683529790626
carterjonas.co.uk,0.18034835641988203,0.17841620630493676,0.0019321501149452691
cartoonnetwork.com,0.040329861414824336,0.16854776006024944,-0.1282178986454251
cartus.com,0.2337364592573934,0.20319318079942997,0.030543278457963424
case.edu,0.16084119016996976,0.24299403575895182,-0.08215284558898206
ls lear,0.0,0.0,0.0
cashamerica.com,0.1645265683549399,0.2296993268560794,-0.06517275850113952
castleford.com.au,0.14567788332029558,0.2164697324347913,-0.07079184911449574
castlighthealth.com,0.1356960624475392,0.10505526973907116,0.030640792708468048
castrol.com,0.19938780986718638,0.2079020191951607,-0.00851420932797431
ts busi,0.0,0.0,0.0
caterpillar.com,0.12156280148607879,0.1597913275387036,-0.038228526052624806
catfinancial.com,0.1944948099811909,0.15064387165193535,0.043850938329255545
tomer s,0.0,0.0,0.0
catholichealthinitiatives.org,0.1444239172299256,0.14770307785396658,-0.0032791606240409887
cats.org.uk,0.15070469846396434,0.2665596363390806,-0.11585493787511625
causeway.com,0.10365010711188012,0.20739626804088532,-0.1037461609290052
cavendishnuclear.com,0.17665952930646467,0.1064510350499969,0.07020849425646777
cbi.com,0.1747063770806837,0.11938530882592875,0.055321068254754954
cbiz.com,0.2399915323080856,0.18417414961219317,0.055817382695892426
lent am,0.0,0.0,0.0
cblproperties.com,0.13106161904760083,0.15609906647708263,-0.0250374474294818
cbrands.com,0.05909438236928287,0.08623693449849992,-0.027142552129217054
cbre.co.uk,0.21809194036486138,0.14859372508436344,0.06949821528049793
cbre.com,0.23326380016497203,0.24525460865252727,-0.011990808487555238
a peru ,0.0,0.0,0.0
cbsinteractive.com,0.06461107473924621,0.19616603183858633,-0.13155495709934012
cbsradio.com,0.17810879590843975,0.1975766051047686,-0.019467809196328845
cbstvd.com,0.07196659923990299,0.0880839156998657,-0.016117316459962713
ccc.govt.nz,0.182952631031205,0.20366388917398165,-0.020711258142776662
 bridle,0.0,0.0,0.0
cccgroupinc.com,0.10715430208030788,0.07559738443674824,0.03155691764355964
cccis.com,0.24776792727037258,0.30595806879157567,-0.05819014152120308
ccl.org,0.1867703358985943,0.24715278873085397,-0.06038245283225968
 journe,0.0,0.0,0.0
cdmsmith.com,0.26016694346338576,0.26631918954148404,-0.006152246078098278
opy cdm,0.0,0.0,0.0
cdw.com,0.2713899537256235,0.2533777031649987,0.018012250560624832
lnshire,0.0,0.0,0.0
cebglobal.com,0.2896088954945755,0.2230122338691283,0.06659666162544722
ure sam,0.0,0.0,0.0
celestica.com,0.2814307359236869,0.1515573322413697,0.1298734036823172
celgene.com,0.2198762508882593,0.24294898439738102,-0.02307273350912173
ry awar,0.0,0.0,0.0
cementaustralia.com.au,0.11668781479160298,0.10077287229455828,0.0159149424970447
e fly a,0.0,0.0,0.0
cemex.com,0.2060063303144409,0.15078776021052603,0.05521857010391487
view st,0.0,0.0,0.0
cengage.com,0.3021375161838338,0.21210641977921005,0.09003109640462373
ligence,0.0,0.0,0.0
centene.com,0.16281150464739608,0.1335278239223276,0.029283680725068484
CenterPointEnergy.com,0.14719690963500548,0.11581438397943909,0.03138252565556639
ream in,0.0,0.0,0.0
centralbedfordshire.gov.uk,0.18605783413503543,0.22119168936010553,-0.03513385522507009
centrepoint.org.uk,0.1498707609203967,0.19726726051984567,-0.04739649959944897
centrica.com,0.20012869740875733,0.15916227526026117,0.04096642214849616
ful loc,0.0,0.0,0.0
centricconsulting.com,0.33051952675730634,0.1810668249220288,0.14945270183527753
 mappin,0.0,0.0,0.0
centrify.com,0.15599748798745525,0.1838420397262375,-0.027844551738782253
consume,0.0,0.0,0.0
centro.net,0.114934486197762,0.1454500457813959,-0.03051555958363389
centurylink.com,0.2642809855129544,0.21327431061868948,0.05100667489426494
ssment ,0.0,0.0,0.0
cerebralpalsy.org.au,0.19876600508397604,0.2960932377560226,-0.09732723267204654
d gene ,0.0,0.0,0.0
ceridian.com,0.21637610552427472,0.1570967083616845,0.05927939716259023
cerner.com,0.16215697094523576,0.09291376242960381,0.06924320851563195
ner spe,0.0,0.0,0.0
CertainTeed.com,0.22929872081971966,0.29892272935741265,-0.06962400853769299
certapro.com,0.20694767996507132,0.30515939146686233,-0.098211711501791
cevalogistics.com,0.14426101372933184,0.218329640183181,-0.07406862645384915
cfainstitute.org,0.1457080607122408,0.2036004712566028,-0.057892410544362005
rogram ,0.0,0.0,0.0
cff.org,0.0906347956395731,0.2467104769719986,-0.1560756813324255
lity li,0.0,0.0,0.0
cfsgam.com.au,0.14747213978563234,0.20957166004011635,-0.06209952025448401
cgu.com.au,0.11492350016923353,0.12644970649030682,-0.01152620632107329
atest n,0.0,0.0,0.0
ch2.net.au,0.25030342649356657,0.24902109564069846,0.0012823308528681077
challenger.com.au,0.1953516712516417,0.1976852860499431,-0.002333614798301381
chamberlain.edu,0.1358477016943548,0.19283144719184908,-0.05698374549749427
ience n,0.0,0.0,0.0
chanel.com,0.020583508038068226,0.27060184476322846,-0.2500183367251602
channel.nationalgeographic.com,0.14283575351414357,0.21188653546800032,-0.06905078195385675
channel4.com,0.23841432441974325,0.238749384843803,-0.00033506042405975767
order b,0.0,0.0,0.0
channeladvisor.com,0.12911456708779295,0.2500696541738403,-0.12095508708604735
nload c,0.0,0.0,0.0
charlottenc.gov,0.15157966603716883,0.08809026646740722,0.0634893995697616
charterhall.com.au,0.12472323320264415,0.13286364251177657,-0.008140409309132415
ndsinve,0.0,0.0,0.0
chasepaymentech.com,0.14248858276066548,0.11101136622505503,0.03147721653561045
chaseprofessionals.com,0.09060731038113627,0.16268099991528084,-0.07207368953414457
chelseafc.com,0.14074082169593255,0.33428990081165344,-0.1935490791157209
chemonics.com,0.2553757920356577,0.1718489341666405,0.0835268578690172
cheniere.com,0.18109654461409455,0.09758620677440172,0.08351033783969283
report ,0.0,0.0,0.0
cherwell.com,0.16166676767646193,0.11711920884047297,0.04454755883598896
cheshireeast.gov.uk,0.2727198739478009,0.2311545632373927,0.0415653107104082
chester.ac.uk,0.2814126942305676,0.1887628727670646,0.09264982146350298
 journa,0.0,0.0,0.0
chevron.com,0.23575223999835854,0.27589915119918734,-0.040146911200828805
e envir,0.0,0.0,0.0
chg.org.uk,0.20081739761741696,0.24454819148223567,-0.04373079386481871
ey role,0.0,0.0,0.0
chghealthcare.com,0.2396836081325503,0.21014837288747337,0.029535235245076924
chh.com,0.13027523163767749,0.04396293709398337,0.08631229454369412
chi.ac.uk,0.14626502525025817,0.2334370623517334,-0.08717203710147522
g confe,0.0,0.0,0.0
chicagobooth.edu,0.28530518995505466,0.1917985196280605,0.09350667032699417
nal pri,0.0,0.0,0.0
ChildFund.org,0.1696016991863796,0.14456646643087334,0.02503523275550626
chipotle.com,0.059947098365794434,0.28206003818278724,-0.22211293981699282
chk.com,0.2301176798845994,0.13478156075819295,0.09533611912640647
onemerg,0.0,0.0,0.0
christushealth.org,0.11149907320140169,0.1336275573430942,-0.02212848414169251
 testim,0.0,0.0,0.0
chrobinson.com,0.21537327286057084,0.17796989282146827,0.03740338003910257
zu fass,0.0,0.0,0.0
chs.net,0.10939731905678599,0.07960833217720706,0.029788986879578927
chsinc.com,0.26873409164598583,0.1641174771021071,0.10461661454387872
chubb.com,0.19366433372403768,0.17615522453838375,0.01750910918565393
e insur,0.0,0.0,0.0
chuckecheese.com,0.04520514038389198,0.18038927544534253,-0.13518413506145055
ciber.com,0.3130847155697742,0.2102424275804227,0.1028422879893515
cigniti.com,0.20586391981230676,0.16997415313120887,0.03588976668109789
cii.co.uk,0.17274706610313426,0.25429594982483306,-0.0815488837216988
i board,0.0,0.0,0.0
cimaglobal.com,0.19864265410992868,0.39050154071400806,-0.19185888660407938
ism fin,0.0,0.0,0.0
cincinnatibell.com,0.1705997620736544,0.2631806525000254,-0.09258089042637102
s passw,0.0,0.0,0.0
cincom.com,0.26470853657385596,0.16576503203481788,0.09894350453903808
cintas.com,0.22472834110734044,0.3103488164991462,-0.08562047539180576
cipd.co.uk,0.14751194981447222,0.2783599741224427,-0.13084802430797046
r log r,0.0,0.0,0.0
cipfa.org,0.15331043901954972,0.15767516648386426,-0.004364727464314544
circlek.com,0.08032594105481977,0.17700535012470311,-0.09667940906988334
cirrus.com,0.21482783111375311,0.19479152822316587,0.02003630289058725
er mana,0.0,0.0,0.0
cisco.com,0.29444859559948827,0.30156994601292314,-0.007121350413434868
che con,0.0,0.0,0.0
cision.com,0.24984923723104724,0.23976587898352794,0.010083358247519297
ink rel,0.0,0.0,0.0
cit.com,0.27247555383485345,0.18149464619420483,0.09098090764064862
cotland,0.0,0.0,0.0
citb.co.uk,0.12040810831814756,0.19867122663205794,-0.07826311831391038
citgo.com,0.007253371068181285,0.0,0.007253371068181285
citizensadvice.org.uk,0.12316724443242649,0.2464909195836962,-0.12332367515126971
 rights,0.0,0.0,0.0
citrix.com,0.3087834835055041,0.2406799175070225,0.06810356599848161
cityofbristol.ac.uk,0.10164252464327048,0.34416368957924437,-0.2425211649359739
nic cha,0.0,0.0,0.0
cityofhope.org,0.12280526727113228,0.3319315020514932,-0.2091262347803609
re pati,0.0,0.0,0.0
CityofLondon.gov.uk,0.2292842846511643,0.33263311351904934,-0.10334882886788505
cy stra,0.0,0.0,0.0
cityofsydney.nsw.gov.au,0.28203795037966584,0.16440295278123654,0.1176349975984293
ion pla,0.0,0.0,0.0
cityyear.org,0.17707824993779503,0.2467726259547243,-0.06969437601692927
t conve,0.0,0.0,0.0
civitasmedia.com,0.09222287736974172,0.06460707670733831,0.027615800662403406
ckr.com,0.21254674485211755,0.24404496820298135,-0.0314982233508638
clarabridge.com,0.11351934304133668,0.12289998664827685,-0.009380643606940173
claranet.co.uk,0.23040830068659546,0.16012622492720277,0.07028207575939269
le clou,0.0,0.0,0.0
clarkconstruction.com,0.1604609961759069,0.13159933066421994,0.02886166551168695
s work ,0.0,0.0,0.0
clarkpacific.com,0.11777216097602972,0.0855900650974038,0.032182095878625916
clarkrealtycapital.com,0.05651538926898026,0.09702328874985951,-0.040507899480879246
classicvacations.com,0.12562968972146368,0.17051651430993978,-0.04488682458847609
claycorp.com,0.13219211822733004,0.14443889914266958,-0.012246780915339539
claytonhomes.com,0.0,0.0,0.0
claytonutz.com,0.23472383403065816,0.16220950378832974,0.07251433024232842
ring di,0.0,0.0,0.0
clearchanneloutdoor.com,0.17790220198913334,0.2789389509512685,-0.10103674896213519
clearesult.com,0.21492125005846527,0.11724023305067686,0.0976810170077884
clearwateranalytics.com,0.0,0.0,0.0
clevelandclinic.org,0.08399247141604638,0.15681190890846322,-0.07281943749241684
clever-touch.com,0.15323994585093187,0.2029033001670941,-0.04966335431616223
click.co.uk,0.08067471414911462,0.2671539630892003,-0.1864792489400857
line fo,0.0,0.0,0.0
clicsargent.org.uk,0.1417119628971901,0.3005843643796057,-0.15887240148241558
cliffordchance.com,0.2409580370648157,0.22142443200714962,0.019533605057666076
ectors ,0.0,0.0,0.0
clinique.com,0.12721931901570285,0.306875786591158,-0.17965646757545514
closebrothersam.com,0.1071804460552295,0.1624118754315464,-0.05523142937631689
closerstillmedia.com,0.19140517671595117,0.1427057814916289,0.04869939522432226
cloudera.com,0.3043423960639775,0.1636749780622883,0.1406674180016892
c warci,0.0,0.0,0.0
clydeco.com,0.18703338930660943,0.20233280253698274,-0.015299413230373315
cmc.com,0.19234352386103312,0.1256790913503444,0.06666443251068871
working,0.0,0.0,0.0
cmcmarkets.com,0.1567072845575127,0.26149070029018995,-0.10478341573267724
cmu.edu,0.15160928613838096,0.21481143441173794,-0.06320214827335699
gned su,0.0,0.0,0.0
cna.com,0.24268892201348122,0.2857657937999627,-0.04307687178648148
urope n,0.0,0.0,0.0
cnb.com,0.21581153143713178,0.30214258167146096,-0.08633105023432919
cnn.com,0.2206933262692925,0.19793689229609052,0.022756433973201984
als peo,0.0,0.0,0.0
cnoinc.com,0.10909432964849833,0.11939306324543493,-0.010298733596936602
coach.com,0.1087780386664253,0.3575966742620364,-0.2488186355956111
coalnz.com,0.058689844361600865,0.023174857029342775,0.035514987332258094
cobham.com,0.1955319097632183,0.14669579505977834,0.04883611470343996
coca-colacompany.com,0.19371883053673838,0.27443470602709286,-0.08071587549035447
manners,0.0,0.0,0.0
cochlear.com,0.1450423672802533,0.26467642417162307,-0.11963405689136977
code42.com,0.15398861561259872,0.19494073858230437,-0.04095212296970566
coffey.com,0.14230852499346597,0.10148192212935009,0.04082660286411588
rc payl,0.0,0.0,0.0
cogent.co.uk,0.0760728724969016,0.11332892043423551,-0.037256047937333905
cognex.com,0.17651548309009005,0.1125701691940916,0.06394531389599845
cognizant.com,0.298039162840706,0.16239220163347606,0.1356469612072299
 de cli,0.0,0.0,0.0
cohnreznick.com,0.2910491730751757,0.19838990032434736,0.09265927275082833
ctiviti,0.0,0.0,0.0
cokecce.com,0.21979743744766622,0.20758667002059106,0.012210767427075164
coleman.com,0.10437279765843613,0.30683269072985875,-0.20245989307142262
coles.com.au,0.16328082333857522,0.4518802079032208,-0.2885993845646456
colgate.com,0.1410982963297696,0.2406350229525506,-0.09953672662278099
canines,0.0,0.0,0.0
collectivebias.com,0.16358020631074138,0.13355961433800526,0.030020591972736127
collegeboard.org,0.1880563597148919,0.2219343060945769,-0.033877946379685
colliers.com,0.21231943369811956,0.2809333313265415,-0.06861389762842196
colonialfirststate.com.au,0.1696774231131549,0.2819635370258339,-0.11228611391267898
adviser,0.0,0.0,0.0
coloniallife.com,0.15735637674486824,0.1503977217178757,0.006958655026992555
ates ma,0.0,0.0,0.0
coloplast.com,0.19032736231967576,0.27835734649273813,-0.08802998417306238
colorado.edu,0.11865424926250297,0.17572529213047067,-0.0570710428679677
uctor k,0.0,0.0,0.0
colorcon.com,0.16154232370719276,0.270388851251131,-0.10884652754393823
quemyan,0.0,0.0,0.0
colt.net,0.21243095240198842,0.18531969977390622,0.0271112526280822
columbia.com,0.11325793378741039,0.42557755206157116,-0.31231961827416077
columbiarecords.com,0.0509057627233135,0.10614149283693544,-0.05523573011362194
columbusairports.com,0.1659250999591343,0.13927703691717186,0.026648063041962433
y stric,0.0,0.0,0.0
comcastspotlight.com,0.2094065722827805,0.25177338509229413,-0.042366812809513626
comerica.com,0.12289642262763922,0.0,0.12289642262763922
comfortkeepers.com,0.08779592723634921,0.23597243504039414,-0.14817650780404493
teracti,0.0,0.0,0.0
comicrelief.com,0.18056680830398192,0.27278929737067537,-0.09222248906669345
 scotla,0.0,0.0,0.0
commandalkon.com,0.21910356238692485,0.14868812121641692,0.07041544117050794
commbank.com.au,0.184475121753283,0.30814240331090786,-0.12366728155762485
 start ,0.0,0.0,0.0
commerce.gov,0.16311813451469856,0.19150616848902613,-0.02838803397432757
ases co,0.0,0.0,0.0
commercebank.com,0.12018080636355652,0.410199183870737,-0.2900183775071805
n surro,0.0,0.0,0.0
commercehub.com,0.2631222137108224,0.2515618918388828,0.011560321871939616
commercial.co.uk,0.21307839115663377,0.2432124301935172,-0.030134039036883442
commscope.com,0.18294937634298084,0.17243816780221352,0.010511208540767314
es acce,0.0,0.0,0.0
commsec.com.au,0.09250807004879985,0.21312138926377283,-0.12061331921497298
commvault.com,0.22752478446345775,0.21397880273629533,0.013545981727162426
compaid.com,0.2282449232251315,0.17282793352308104,0.05541698970205047
comparethemarket.com,0.1212320969323345,0.16540379529161414,-0.04417169835927964
compass-group.co.uk,0.2554483558670777,0.15870840243270729,0.09673995343437042
compassion.com,0.11597938008942979,0.26731965755263104,-0.15134027746320125
comptia.org,0.22180119170434023,0.14152433209771206,0.08027685960662817
es impl,0.0,0.0,0.0
computacenter.com,0.24320546596954154,0.1887026697423556,0.05450279622718593
computershare.com,0.27374491395790507,0.1735330709776522,0.10021184298025287
toria b,0.0,0.0,0.0
compuware.com,0.18246818220042016,0.16911663029656765,0.01335155190385251
concern.net,0.14918841595388074,0.15093158091098244,-0.001743164957101695
g adver,0.0,0.0,0.0
concur.com,0.2785565855762695,0.3051199669994931,-0.02656338142322362
 grasp ,0.0,0.0,0.0
condenast.com,0.20111864401384166,0.25133372666601395,-0.05021508265217228
coned.com,0.18256607703268718,0.10972243033220237,0.07284364670048481
rvice c,0.0,0.0,0.0
confirmit.com,0.24169862426271896,0.1828456947866745,0.05885292947604445
conmed.com,0.07052661763230257,0.11894056280328698,-0.04841394517098441
connectionseducation.com,0.10964461953762365,0.18770240083614212,-0.07805778129851847
ConnectWise.com,0.31074919979264937,0.20413364165646294,0.10661555813618642
conocophillips.com,0.20994560139401963,0.13277880212801565,0.07716679926600398
om soci,0.0,0.0,0.0
conservation.org,0.20487494160310588,0.254361435266227,-0.049486493663121134
conserve-arm.com,0.15469302206639576,0.2658175698976456,-0.11112454783124984
constellation.com,0.23060901661291167,0.09584362617496474,0.13476539043794694
construction.morgansindall.com,0.10798677793774103,0.15569153628449262,-0.047704758346751586
ConstructionJournal.com,0.12047170970689239,0.1857203585780948,-0.06524864887120241
consumersenergy.com,0.2003053564380718,0.15101850785038237,0.04928684858768942
 overvi,0.0,0.0,0.0
contact.co.nz,0.198174118174489,0.16516493830723594,0.03300917986725305
oops co,0.0,0.0,0.0
contiki.com,0.0872041219862175,0.21887943189709388,-0.1316753099108764
jylumly,0.0,0.0,0.0
controlrisks.com,0.2135223391872037,0.17187706230066085,0.04164527688654285
convatec.com,0.11526225032932878,0.20673424268284163,-0.09147199235351285
close p,0.0,0.0,0.0
convergint.com,0.17227918940783318,0.19109368565604531,-0.01881449624821213
cookmedical.com,0.2064411399918377,0.23644796872515148,-0.030006828733313784
ng impa,0.0,0.0,0.0
cookpharmica.com,0.08363648141134196,0.09935332504094373,-0.015716843629601768
cooley.com,0.17496194804046278,0.24902759695718704,-0.07406564891672426
ation c,0.0,0.0,0.0
co-operative.coop,0.20979709418574846,0.2701783096936641,-0.060381215507915614
coopervision.com,0.22063760876536948,0.2730004032017598,-0.0523627944363903
vaira v,0.0,0.0,0.0
COREconstruction.com,0.14464139043819285,0.10596401191565832,0.03867737852253453
cornerbakerycafe.com,0.11198337804505293,0.28748767447777435,-0.17550429643272142
corning.com,0.2799157723971448,0.19269992421459903,0.0872158481825458
parable,0.0,0.0,0.0
cornwall.gov.uk,0.23573756842847454,0.26476085869773436,-0.029023290269259816
rd apri,0.0,0.0,0.0
corporate.discovery.com,0.13213655185694828,0.1889928098528845,-0.056856257995936216
corporate.ford.com,0.23927289258317214,0.24072579936240077,-0.0014529067792286299
corporatetraveller.com.au,0.24904091606917186,0.209294012050057,0.039746904019114876
corptraveller.co.uk,0.23846334652914572,0.2393314865595675,-0.0008681400304217934
corrs.com.au,0.11187978064284979,0.10904769165426459,0.0028320889885851963
cort.com,0.3337804706736778,0.2323158247425165,0.10146464593116128
payment,0.0,0.0,0.0
costa.co.uk,0.16196257730499206,0.37374092860786406,-0.211778351302872
costargroup.com,0.1718369431032641,0.21761027551022066,-0.04577333240695655
company,0.0,0.0,0.0
cotswoldoutdoor.com,0.11183435396316097,0.4572508811488836,-0.3454165271857227
swold o,0.0,0.0,0.0
cott.com,0.24025283793660943,0.16981374724963816,0.07043909068697127
cottoninc.com,0.19260198015495447,0.2330866260080559,-0.040484645853101436
 dbe ed,0.0,0.0,0.0
couchbase.com,0.16898544073538613,0.23436110973502391,-0.06537566899963779
counsyl.com,0.12101834450656995,0.16637686644710228,-0.04535852194053233
countryfinancial.com,0.24778325382891983,0.24761492976548144,0.0001683240634383909
word ph,0.0,0.0,0.0
coupa.com,0.3185925661244582,0.18318530451375567,0.13540726161070252
coutts.com,0.1642659891508222,0.2571009524616523,-0.09283496331083013
covance.com,0.1971436586946953,0.10297586447925625,0.09416779421543905
coveainsurance.co.uk,0.2585233277291251,0.19932134136762045,0.05920198636150467
covenanthealth.com,0.10242683138144892,0.07401802238550026,0.028408808995948664
coventry.ac.uk,0.22118597767200512,0.21952280056316248,0.001663177108842645
prove t,0.0,0.0,0.0
coventry.gov.uk,0.16463310195439138,0.22685667417987906,-0.06222357222548769
coventrybuildingsociety.co.uk,0.16868490075877324,0.2093550529555684,-0.04067015219679515
offset ,0.0,0.0,0.0
covidien.com,0.11312370235369242,0.1322553286054813,-0.019131626251788894
coxmedia.com,0.25067390151901436,0.12277737808685361,0.12789652343216074
coxmediagroup.com,0.07630664759635289,0.08378896408747293,-0.007482316491120036
coyote.com,0.19372815276292424,0.1744715745985808,0.019256578164343452
cpk.com,0.1326210045625646,0.3123671619463081,-0.1797461573837435
cradlepoint.com,0.20615391104614933,0.2805710892747452,-0.07441717822859589
ownload,0.0,0.0,0.0
craneae.com,0.15495052525406186,0.2567212488728402,-0.10177072361877834
 electr,0.0,0.0,0.0
craneww.com,0.1334871384919742,0.2106246530439507,-0.07713751455197651
cranfield.ac.uk,0.2018116016897842,0.2134544026357,-0.011642800945915799
oe nell,0.0,0.0,0.0
cranswick.co.uk,0.0,0.02517309944340066,-0.02517309944340066
crawfordandcompany.com,0.19348011281099473,0.10851169387826529,0.08496841893272944
crbard.com,0.20064629385538107,0.18704464112873848,0.013601652726642599
crbusa.com,0.08663261821350934,0.09324320284933549,-0.006610584635826144
crchealth.com,0.18008827933998134,0.14293704921618944,0.0371512301237919
ment se,0.0,0.0,0.0
crd.com,0.11215327085466371,0.10596204689804847,0.006191223956615241
creationtech.com,0.16789427613187405,0.1919856184612994,-0.024091342329425364
anufact,0.0,0.0,0.0
creativescotland.com,0.14656250036084223,0.2201381312212916,-0.07357563086044938
creativeskillset.org,0.11223351462367348,0.1408131677494606,-0.028579653125787113
c skill,0.0,0.0,0.0
creditsafeuk.com,0.2293296186824039,0.3261642604285819,-0.09683464174617798
t sic c,0.0,0.0,0.0
credit-suisse.com,0.13879991940561381,0.17605582023248553,-0.03725590082687172
 de log,0.0,0.0,0.0
cree.com,0.17698736979852142,0.13197133630591334,0.045016033492608076
crestnicholson.com,0.16806233496437684,0.28670554901324313,-0.1186432140488663
ge plac,0.0,0.0,0.0
crestron.com,0.23859914730564663,0.12568041170964123,0.1129187355960054
elicens,0.0,0.0,0.0
cretecarrier.com,0.2371377202430035,0.19177019424142597,0.045367526001577535
cricket.com.au,0.043505396186452105,0.11062538111530981,-0.0671199849288577
cricketwireless.com,0.11232613898641794,0.24409025017183295,-0.131764111185415
cristal.com,0.2515204554687048,0.18572958770456297,0.06579086776414181
criver.com,0.24125613932490947,0.1742880705562983,0.06696806876861117
h pharm,0.0,0.0,0.0
crocs.com,0.0942907396402945,0.44345615720667275,-0.34916541756637826
crowehorwath.com.au,0.327473642780588,0.2065309739584098,0.12094266882217819
crowley.com,0.23677830671670708,0.20466320648281477,0.0321151002338923
 filled,0.0,0.0,0.0
crown.com,0.21691578716081503,0.31772501122594604,-0.10080922406513101
cto ace,0.0,0.0,0.0
crownagents.com,0.20274577182791537,0.1888340364302645,0.013911735397650865
crowncastle.com,0.2363241636858071,0.16294711101181852,0.07337705267398859
crownhouse.com,0.1462726068156649,0.13680565555435042,0.009466951261314471
crownimportsllc.com,0.12246532302516677,0.11478878906331086,0.007676533961855914
crownmelbourne.com.au,0.07894633132679467,0.22620695923982326,-0.14726062791302857
croydon.gov.uk,0.2614604864064987,0.19064868041127556,0.07081180599522316
crugroup.com,0.1709733688664086,0.17688145074206757,-0.0059080818756589715
cscglobal.com,0.2680454545129109,0.09017890244308507,0.17786655206982582
csg.com.au,0.2859797524040363,0.15708295960558838,0.1288967927984479
csgi.com,0.24256714299054347,0.17895819328855317,0.0636089497019903
csiweb.com,0.2416859231700313,0.21312649831998515,0.028559424850046145
 cleari,0.0,0.0,0.0
cslbehring.com,0.1374414401889762,0.19055146374372509,-0.05311002355474889
csmondemand.com,0.15996552604528916,0.1210718430632135,0.038893682982075656
csu.edu.au,0.1993749093682847,0.20499266271748773,-0.005617753349203031
ies amp,0.0,0.0,0.0
csun.edu,0.17551343882940298,0.1641699745482843,0.011343464281118681
ts prom,0.0,0.0,0.0
cswg.com,0.2509134021749599,0.26786055096605205,-0.01694714879109216
csx.com,0.21685610689479598,0.2623083679407314,-0.045452261045935444
restric,0.0,0.0,0.0
ctic.com,0.13945089359633184,0.16647227367540648,-0.027021380079074647
ctigroup.com,0.23961104287269008,0.14397772508586337,0.09563331778682671
ctot.com,0.22733151359647324,0.2017004228885803,0.025631090707892934
cu.net,0.24713578069873673,0.1520765093320014,0.09505927136673534
cua.com.au,0.12284832927343747,0.24505322273238114,-0.12220489345894367
ing hea,0.0,0.0,0.0
cumbria.ac.uk,0.2181357810448111,0.2184362296367382,-0.0003004485919270994
cumc.columbia.edu,0.12629773491830817,0.1546609863346405,-0.028363251416332336
tml cha,0.0,0.0,0.0
cummins.com,0.23854136225933412,0.26720929196915394,-0.028667929709819823
cumulus.com,0.12068089297052065,0.2234867589170551,-0.10280586594653446
cunninghamlindsey.com,0.22841595323207936,0.2386989847168698,-0.010283031484790428
cuny.edu,0.1383417917739557,0.32483197988163837,-0.18649018810768267
t skip ,0.0,0.0,0.0
curriculumassociates.com,0.24581570078184964,0.2661470267141458,-0.020331325932296168
ady reg,0.0,0.0,0.0
curtin.edu.au,0.20754519759930817,0.26051746800871495,-0.052972270409406774
cushmanwakefield.com,0.2541634551163418,0.2745238369421936,-0.020360381825851814
cvent.com,0.2902574973234299,0.24968140438421507,0.04057609293921485
cxcglobal.com,0.23081318910919568,0.13478498965505112,0.09602819945414456
xc glob,0.0,0.0,0.0
cyberark.com,0.1342531462128482,0.17353081553057742,-0.03927766931772922
cynosure.com,0.14686600849154774,0.16584077380834755,-0.018974765316799813
cyrusone.com,0.11486261572084505,0.17938464460855916,-0.0645220288877141
dacbeachcroft.com,0.21332372756651893,0.19476038407721288,0.01856334348930605
dahill.com,0.15994448779846288,0.23904896368259293,-0.07910447588413005
daimler-trucksnorthamerica.com,0.1703555118272419,0.17319513954568372,-0.0028396277184418173
dana-farber.org,0.14368006931883703,0.26603740863258796,-0.12235733931375092
na farb,0.0,0.0,0.0
danbro.co.uk,0.3009429711429292,0.27661696184647416,0.024326009296455064
danfoss.com,0.23441912434542242,0.13268317257838097,0.10173595176704145
ompact ,0.0,0.0,0.0
dannon.com,0.07762190944013128,0.2960809944670491,-0.21845908502691783
darden.com,0.17121119164210902,0.2719118923498514,-0.1007007007077424
datacolor.com,0.26659591928339266,0.11655208691986729,0.15004383236352536
datacom.ind.br,0.05124773868292889,0.0,0.05124773868292889
datastax.com,0.12964814684977963,0.11445506893049479,0.015193077919284842
datawatch.com,0.17361289411346786,0.18130045639256337,-0.007687562279095506
davey.com,0.20964047559584342,0.19351352632839167,0.016126949267451757
davidjones.com.au,0.09180541180415817,0.3361582462338385,-0.2443528344296803
 vehicl,0.0,0.0,0.0
davidyurman.com,0.04639245539222102,0.34561747719152625,-0.2992250217993052
dawnfoods.com,0.2534591005801674,0.2119884049598508,0.041470695620316606
cessful,0.0,0.0,0.0
dayzim.com,0.21756497037401704,0.14821547257906173,0.0693494977949553
ocess a,0.0,0.0,0.0
db.co.nz,0.14387751282024172,0.12950819812525183,0.014369314694989893
db.com,0.12772509587922448,0.23471953227201794,-0.10699443639279346
dcpmidstream.com,0.12328495077451143,0.12444871038944597,-0.0011637596149345342
ddr.com,0.1360445604669664,0.23538914678092915,-0.09934458631396276
deainc.com,0.12779326405563896,0.11692024077692378,0.010873023278715171
deakin.edu.au,0.21324105531380552,0.2553979273472504,-0.0421568720334449
onment ,0.0,0.0,0.0
dealer.com,0.1586505762855025,0.12185561889570082,0.03679495738980168
dealogic.com,0.13021185603701513,0.21388675609024188,-0.08367490005322675
deanfoods.com,0.18059936898914764,0.26433490118838365,-0.08373553219923602
debenhams.com,0.06644737944936122,0.410119252012599,-0.34367187256323783
dresses,0.0,0.0,0.0
dec.nsw.gov.au,0.11177596537980355,0.12708643946473386,-0.015310474084930303
dies te,0.0,0.0,0.0
dechert.com,0.25746630265790427,0.05880481790295508,0.19866148475494919
cial sc,0.0,0.0,0.0
deepwater.com,0.16183806948944357,0.18979999539525189,-0.027961925905808316
defense.gov,0.08399291367182166,0.23094847647083663,-0.14695556279901498
delarue.com,0.24785978877161283,0.19780740068820094,0.05005238808341189
te map ,0.0,0.0,0.0
delmontefoods.com,0.09752854208874329,0.11272169994773633,-0.015193157858993042
deloitte.com,0.16511282240498035,0.18874268134578645,-0.023629858940806103
 contac,0.0,0.0,0.0
delphi.com,0.09737752151418737,0.13022075103138875,-0.03284322951720138
delphix.com,0.14972704161041278,0.2469030624636116,-0.09717602085319882
delta.com,0.09416280190250156,0.24928842418116073,-0.15512562227865917
deltek.com,0.19248816432644164,0.18960064506921986,0.0028875192572217767
s perfo,0.0,0.0,0.0
dematic.com,0.21932543567938825,0.1584843897316503,0.060841045947737954
pl phar,0.0,0.0,0.0
dennis.co.uk,0.19887865094647728,0.22768102550923439,-0.02880237456275711
dentalcorp.com.au,0.33727925385805785,0.21236719565005918,0.12491205820799867
dentons.com,0.1337169918976855,0.14211091547356644,-0.008393923575880952
si ze z,0.0,0.0,0.0
dentsuaegisnetwork.com,0.08962361292283286,0.13050900309114363,-0.040885390168310776
denvergov.org,0.1797231932715466,0.15602030631658922,0.02370288695495737
s love ,0.0,0.0,0.0
derby.ac.uk,0.19243180161285506,0.20197937269042066,-0.009547571077565598
derby.gov.uk,0.17403601893856055,0.1734278081704949,0.0006082107680656368
derbyshire.gov.uk,0.1314121762304051,0.30453497441121113,-0.17312279818080603
ding aw,0.0,0.0,0.0
devonenergy.com,0.20336459765916087,0.16012338777071697,0.043241209888443904
dewberry.com,0.1809132369290617,0.150906633691666,0.030006603237395707
dewynters.com,0.1674843274598074,0.19437522823008027,-0.02689090077027287
dexus.com,0.1376827461590384,0.21181268925602556,-0.07412994309698717
dfamilk.com,0.007253371068181285,0.0,0.007253371068181285
dfat.gov.au,0.0998205448662925,0.085813457291215,0.014007087575077487
 plans ,0.0,0.0,0.0
dfs.co.uk,0.08795850959104372,0.43301224055552606,-0.34505373096448233
dfs coo,0.0,0.0,0.0
dha.gov.au,0.14185618006102288,0.21120502941337063,-0.06934884935234775
 trades,0.0,0.0,0.0
dhgllp.com,0.219636794977928,0.12772882783719505,0.09190796714073296
ork ny ,0.0,0.0,0.0
dhl.com,0.2337106805837022,0.2223600948696915,0.011350585714010708
utionsi,0.0,0.0,0.0
diabetes.org,0.14152379352324876,0.23651990487987107,-0.09499611135662231
fe diab,0.0,0.0,0.0
diamondresorts.com,0.048038911248534134,0.0972870979968964,-0.04924818674836227
dicentral.com,0.21670315863960854,0.15660896124170354,0.060094197397905
dickssportinggoods.com,0.04741958936952436,0.4142618144318729,-0.36684222506234854
diebold.com,0.0,0.0,0.0
digicert.com,0.2041456382182092,0.2210796034824694,-0.01693396526426022
digimarc.com,0.33379907331097763,0.3726662771630737,-0.03886720385209608
k chief,0.0,0.0,0.0
digitalglobe.com,0.21863073775347494,0.11840922306705545,0.10022151468641949
digitalrealty.com,0.14252919830476385,0.15017497542891545,-0.007645777124151598
digitaslbi.com,0.20667143788147974,0.3112136374928841,-0.10454219961140437
dignityhealth.org,0.11956422140622013,0.14437874837370107,-0.024814526967480946
e code ,0.0,0.0,0.0
Dillards.com,0.06074411666053693,0.28790367191366156,-0.22715955525312465
dimensiondata.com,0.24348282618136763,0.17638267442270897,0.06710015175865866
nly feb,0.0,0.0,0.0
directcapital.com,0.2994316905415137,0.2141692582520516,0.08526243228946209
ence en,0.0,0.0,0.0
directenergy.com,0.17299781376450674,0.1043028136280832,0.06869500013642353
 affili,0.0,0.0,0.0
directlinegroupcareers.com,0.12950091787123275,0.14676009634677353,-0.017259178475540787
beliefs,0.0,0.0,0.0
dispatch.com,0.15931026385939762,0.2920380288626206,-0.13272776500322297
styleob,0.0,0.0,0.0
divcom.com,0.20600654756375622,0.18145055266952037,0.02455599489423585
diy.com,0.14515806176648766,0.31462699436559266,-0.169468932599105
djoglobal.com,0.14786753296277136,0.3719753133275981,-0.22410778036482673
inland ,0.0,0.0,0.0
dlapiper.com,0.2513820875646049,0.23792816213455034,0.013453925430054553
ervices,0.0,0.0,0.0
dlrgroup.com,0.09026519389047882,0.09547333824477656,-0.005208144354297742
ogram c,0.0,0.0,0.0
dlz.com,0.20638396134212658,0.21204916845130403,-0.00566520710917745
a trans,0.0,0.0,0.0
dmacentral.com,0.21663837789564686,0.12792885544386742,0.08870952245177943
dmu.ac.uk,0.2089562263061839,0.1853359381691401,0.02362028813704381
dnb.com,0.1996618960826973,0.15348561743579828,0.04617627864689902
custome,0.0,0.0,0.0
dnvgl.com,0.325391871677804,0.17885259792258743,0.14653927375521655
ia finl,0.0,0.0,0.0
docusign.com,0.23512259237874933,0.2010034208165019,0.03411917156224742
dolby.com,0.2108837592360631,0.21912166646315637,-0.008237907227093277
lesfind,0.0,0.0,0.0
dole.com,0.09873162899281954,0.07741357697725179,0.021318052015567746
dom.com,0.13530019898493786,0.08731915157914424,0.04798104740579362
